drug_a,drug_b,cell_line
3385,104842,A2058
60750,104842,A2058
31703,6710780,A2058
36314,5311497,A2058
3385,4091,A2058
5746,6710780,A2058
126941,9887053,A2058
31703,36314,A2058
3385,126941,A2058
5743,9887053,A2058
31703,60700,A2058
4091,5746,A2058
5746,36462,A2058
4091,426756,A2058
104842,6710780,A2058
5746,104842,A2058
104842,426756,A2058
3385,426756,A2058
3385,5746,A2058
126941,5311497,A2058
60750,426756,A2058
31703,60750,A2058
5743,5311497,A2058
126941,426756,A2058
60750,5311497,A2058
3385,6710780,A2058
426756,6710780,A2058
36462,426756,A2058
5746,426756,A2058
5743,126941,A2058
60700,9887053,A2058
36462,5311497,A2058
31703,9887053,A2058
2907,60700,A2058
2907,36462,A2058
104842,9887053,A2058
60700,6710780,A2058
4091,104842,A2058
5743,426756,A2058
5743,36462,A2058
2907,5311497,A2058
2907,6710780,A2058
426756,5311497,A2058
60700,5311497,A2058
36462,9887053,A2058
5743,6710780,A2058
5743,36314,A2058
5746,31703,A2058
5743,31703,A2058
2907,4091,A2058
60700,126941,A2058
60700,104842,A2058
2907,5746,A2058
36462,60750,A2058
36314,36462,A2058
31703,36462,A2058
3385,60700,A2058
36462,6710780,A2058
2907,36314,A2058
60750,9887053,A2058
5311497,6710780,A2058
3385,36314,A2058
5746,126941,A2058
36314,426756,A2058
60700,60750,A2058
4091,60700,A2058
3385,5311497,A2058
36462,60700,A2058
4091,36314,A2058
36462,104842,A2058
60750,6710780,A2058
5311497,9887053,A2058
2907,60750,A2058
31703,5311497,A2058
3385,60750,A2058
3385,5743,A2058
104842,126941,A2058
4091,5311497,A2058
104842,5311497,A2058
31703,426756,A2058
4091,60750,A2058
4091,5743,A2058
2907,9887053,A2058
5743,60700,A2058
6710780,9887053,A2058
36314,9887053,A2058
60750,126941,A2058
5746,9887053,A2058
126941,6710780,A2058
36314,6710780,A2058
4091,9887053,A2058
60700,426756,A2058
36314,60750,A2058
31703,104842,A2058
5746,60750,A2058
2907,426756,A2058
5746,5311497,A2058
2907,126941,A2058
36314,126941,A2058
5743,104842,A2058
5746,36314,A2058
5746,60700,A2058
36314,104842,A2058
4091,126941,A2058
2907,31703,A2058
2907,3385,A2058
31703,126941,A2058
36314,60700,A2058
3385,9887053,A2058
3385,36462,A2058
4091,31703,A2058
4091,36462,A2058
2907,5743,A2058
426756,9887053,A2058
2907,104842,A2058
5743,5746,A2058
5743,60750,A2058
4091,6710780,A2058
36462,126941,A2058
3385,31703,A2058
3385,104842,A2780
60750,104842,A2780
31703,6710780,A2780
36314,5311497,A2780
3385,4091,A2780
5746,6710780,A2780
126941,9887053,A2780
31703,36314,A2780
3385,126941,A2780
5743,9887053,A2780
31703,60700,A2780
4091,5746,A2780
5746,36462,A2780
4091,426756,A2780
104842,6710780,A2780
5746,104842,A2780
104842,426756,A2780
3385,426756,A2780
3385,5746,A2780
126941,5311497,A2780
60750,426756,A2780
31703,60750,A2780
5743,5311497,A2780
126941,426756,A2780
60750,5311497,A2780
3385,6710780,A2780
426756,6710780,A2780
36462,426756,A2780
5746,426756,A2780
5743,126941,A2780
60700,9887053,A2780
36462,5311497,A2780
31703,9887053,A2780
2907,60700,A2780
2907,36462,A2780
104842,9887053,A2780
60700,6710780,A2780
4091,104842,A2780
5743,426756,A2780
5743,36462,A2780
2907,5311497,A2780
2907,6710780,A2780
426756,5311497,A2780
60700,5311497,A2780
36462,9887053,A2780
5743,6710780,A2780
5743,36314,A2780
5746,31703,A2780
5743,31703,A2780
2907,4091,A2780
60700,126941,A2780
60700,104842,A2780
2907,5746,A2780
36462,60750,A2780
36314,36462,A2780
31703,36462,A2780
3385,60700,A2780
36462,6710780,A2780
2907,36314,A2780
60750,9887053,A2780
5311497,6710780,A2780
3385,36314,A2780
5746,126941,A2780
36314,426756,A2780
60700,60750,A2780
4091,60700,A2780
3385,5311497,A2780
36462,60700,A2780
4091,36314,A2780
36462,104842,A2780
60750,6710780,A2780
5311497,9887053,A2780
2907,60750,A2780
31703,5311497,A2780
3385,60750,A2780
3385,5743,A2780
104842,126941,A2780
4091,5311497,A2780
104842,5311497,A2780
31703,426756,A2780
4091,60750,A2780
4091,5743,A2780
2907,9887053,A2780
5743,60700,A2780
6710780,9887053,A2780
36314,9887053,A2780
60750,126941,A2780
5746,9887053,A2780
126941,6710780,A2780
36314,6710780,A2780
4091,9887053,A2780
60700,426756,A2780
36314,60750,A2780
31703,104842,A2780
5746,60750,A2780
2907,426756,A2780
5746,5311497,A2780
2907,126941,A2780
36314,126941,A2780
5743,104842,A2780
5746,36314,A2780
5746,60700,A2780
36314,104842,A2780
4091,126941,A2780
2907,31703,A2780
2907,3385,A2780
31703,126941,A2780
36314,60700,A2780
3385,9887053,A2780
3385,36462,A2780
4091,31703,A2780
4091,36462,A2780
2907,5743,A2780
426756,9887053,A2780
2907,104842,A2780
5743,5746,A2780
5743,60750,A2780
4091,6710780,A2780
36462,126941,A2780
3385,31703,A2780
3385,104842,A375
60750,104842,A375
31703,6710780,A375
36314,5311497,A375
3385,4091,A375
5746,6710780,A375
126941,9887053,A375
31703,36314,A375
3385,126941,A375
5743,9887053,A375
31703,60700,A375
4091,5746,A375
5746,36462,A375
4091,426756,A375
104842,6710780,A375
5746,104842,A375
104842,426756,A375
3385,426756,A375
3385,5746,A375
126941,5311497,A375
60750,426756,A375
31703,60750,A375
5743,5311497,A375
126941,426756,A375
60750,5311497,A375
3385,6710780,A375
426756,6710780,A375
36462,426756,A375
5746,426756,A375
5743,126941,A375
60700,9887053,A375
36462,5311497,A375
31703,9887053,A375
2907,60700,A375
2907,36462,A375
104842,9887053,A375
60700,6710780,A375
4091,104842,A375
5743,426756,A375
5743,36462,A375
2907,5311497,A375
2907,6710780,A375
426756,5311497,A375
60700,5311497,A375
36462,9887053,A375
5743,6710780,A375
5743,36314,A375
5746,31703,A375
5743,31703,A375
2907,4091,A375
60700,126941,A375
60700,104842,A375
2907,5746,A375
36462,60750,A375
36314,36462,A375
31703,36462,A375
3385,60700,A375
36462,6710780,A375
2907,36314,A375
60750,9887053,A375
5311497,6710780,A375
3385,36314,A375
5746,126941,A375
36314,426756,A375
60700,60750,A375
4091,60700,A375
3385,5311497,A375
36462,60700,A375
4091,36314,A375
36462,104842,A375
60750,6710780,A375
5311497,9887053,A375
2907,60750,A375
31703,5311497,A375
3385,60750,A375
3385,5743,A375
104842,126941,A375
4091,5311497,A375
104842,5311497,A375
31703,426756,A375
4091,60750,A375
4091,5743,A375
2907,9887053,A375
5743,60700,A375
6710780,9887053,A375
36314,9887053,A375
60750,126941,A375
5746,9887053,A375
126941,6710780,A375
36314,6710780,A375
4091,9887053,A375
60700,426756,A375
36314,60750,A375
31703,104842,A375
5746,60750,A375
2907,426756,A375
5746,5311497,A375
2907,126941,A375
36314,126941,A375
5743,104842,A375
5746,36314,A375
5746,60700,A375
36314,104842,A375
4091,126941,A375
2907,31703,A375
2907,3385,A375
31703,126941,A375
36314,60700,A375
3385,9887053,A375
3385,36462,A375
4091,31703,A375
4091,36462,A375
2907,5743,A375
426756,9887053,A375
2907,104842,A375
5743,5746,A375
5743,60750,A375
4091,6710780,A375
36462,126941,A375
3385,31703,A375
3385,104842,A427
60750,104842,A427
31703,6710780,A427
36314,5311497,A427
3385,4091,A427
5746,6710780,A427
126941,9887053,A427
31703,36314,A427
3385,126941,A427
5743,9887053,A427
31703,60700,A427
4091,5746,A427
5746,36462,A427
4091,426756,A427
104842,6710780,A427
5746,104842,A427
104842,426756,A427
3385,426756,A427
3385,5746,A427
126941,5311497,A427
60750,426756,A427
31703,60750,A427
5743,5311497,A427
126941,426756,A427
60750,5311497,A427
3385,6710780,A427
426756,6710780,A427
36462,426756,A427
5746,426756,A427
5743,126941,A427
60700,9887053,A427
36462,5311497,A427
31703,9887053,A427
2907,60700,A427
2907,36462,A427
104842,9887053,A427
60700,6710780,A427
4091,104842,A427
5743,426756,A427
5743,36462,A427
2907,5311497,A427
2907,6710780,A427
426756,5311497,A427
60700,5311497,A427
36462,9887053,A427
5743,6710780,A427
5743,36314,A427
5746,31703,A427
5743,31703,A427
2907,4091,A427
60700,126941,A427
60700,104842,A427
2907,5746,A427
36462,60750,A427
36314,36462,A427
31703,36462,A427
3385,60700,A427
36462,6710780,A427
2907,36314,A427
60750,9887053,A427
5311497,6710780,A427
3385,36314,A427
5746,126941,A427
36314,426756,A427
60700,60750,A427
4091,60700,A427
3385,5311497,A427
36462,60700,A427
4091,36314,A427
36462,104842,A427
60750,6710780,A427
5311497,9887053,A427
2907,60750,A427
31703,5311497,A427
3385,60750,A427
3385,5743,A427
104842,126941,A427
4091,5311497,A427
104842,5311497,A427
31703,426756,A427
4091,60750,A427
4091,5743,A427
2907,9887053,A427
5743,60700,A427
6710780,9887053,A427
36314,9887053,A427
60750,126941,A427
5746,9887053,A427
126941,6710780,A427
36314,6710780,A427
4091,9887053,A427
60700,426756,A427
36314,60750,A427
31703,104842,A427
5746,60750,A427
2907,426756,A427
5746,5311497,A427
2907,126941,A427
36314,126941,A427
5743,104842,A427
5746,36314,A427
5746,60700,A427
36314,104842,A427
4091,126941,A427
2907,31703,A427
2907,3385,A427
31703,126941,A427
36314,60700,A427
3385,9887053,A427
3385,36462,A427
4091,31703,A427
4091,36462,A427
2907,5743,A427
426756,9887053,A427
2907,104842,A427
5743,5746,A427
5743,60750,A427
4091,6710780,A427
36462,126941,A427
3385,31703,A427
3385,104842,COLO-320-HSR
60750,104842,COLO-320-HSR
31703,6710780,COLO-320-HSR
36314,5311497,COLO-320-HSR
3385,4091,COLO-320-HSR
5746,6710780,COLO-320-HSR
126941,9887053,COLO-320-HSR
31703,36314,COLO-320-HSR
3385,126941,COLO-320-HSR
5743,9887053,COLO-320-HSR
31703,60700,COLO-320-HSR
4091,5746,COLO-320-HSR
5746,36462,COLO-320-HSR
4091,426756,COLO-320-HSR
104842,6710780,COLO-320-HSR
5746,104842,COLO-320-HSR
104842,426756,COLO-320-HSR
3385,426756,COLO-320-HSR
3385,5746,COLO-320-HSR
126941,5311497,COLO-320-HSR
60750,426756,COLO-320-HSR
31703,60750,COLO-320-HSR
5743,5311497,COLO-320-HSR
126941,426756,COLO-320-HSR
60750,5311497,COLO-320-HSR
3385,6710780,COLO-320-HSR
426756,6710780,COLO-320-HSR
36462,426756,COLO-320-HSR
5746,426756,COLO-320-HSR
5743,126941,COLO-320-HSR
60700,9887053,COLO-320-HSR
36462,5311497,COLO-320-HSR
31703,9887053,COLO-320-HSR
2907,60700,COLO-320-HSR
2907,36462,COLO-320-HSR
104842,9887053,COLO-320-HSR
60700,6710780,COLO-320-HSR
4091,104842,COLO-320-HSR
5743,426756,COLO-320-HSR
5743,36462,COLO-320-HSR
2907,5311497,COLO-320-HSR
2907,6710780,COLO-320-HSR
426756,5311497,COLO-320-HSR
60700,5311497,COLO-320-HSR
36462,9887053,COLO-320-HSR
5743,6710780,COLO-320-HSR
5743,36314,COLO-320-HSR
5746,31703,COLO-320-HSR
5743,31703,COLO-320-HSR
2907,4091,COLO-320-HSR
60700,126941,COLO-320-HSR
60700,104842,COLO-320-HSR
2907,5746,COLO-320-HSR
36462,60750,COLO-320-HSR
36314,36462,COLO-320-HSR
31703,36462,COLO-320-HSR
3385,60700,COLO-320-HSR
36462,6710780,COLO-320-HSR
2907,36314,COLO-320-HSR
60750,9887053,COLO-320-HSR
5311497,6710780,COLO-320-HSR
3385,36314,COLO-320-HSR
5746,126941,COLO-320-HSR
36314,426756,COLO-320-HSR
60700,60750,COLO-320-HSR
4091,60700,COLO-320-HSR
3385,5311497,COLO-320-HSR
36462,60700,COLO-320-HSR
4091,36314,COLO-320-HSR
36462,104842,COLO-320-HSR
60750,6710780,COLO-320-HSR
5311497,9887053,COLO-320-HSR
2907,60750,COLO-320-HSR
31703,5311497,COLO-320-HSR
3385,60750,COLO-320-HSR
3385,5743,COLO-320-HSR
104842,126941,COLO-320-HSR
4091,5311497,COLO-320-HSR
104842,5311497,COLO-320-HSR
31703,426756,COLO-320-HSR
4091,60750,COLO-320-HSR
4091,5743,COLO-320-HSR
2907,9887053,COLO-320-HSR
5743,60700,COLO-320-HSR
6710780,9887053,COLO-320-HSR
36314,9887053,COLO-320-HSR
60750,126941,COLO-320-HSR
5746,9887053,COLO-320-HSR
126941,6710780,COLO-320-HSR
36314,6710780,COLO-320-HSR
4091,9887053,COLO-320-HSR
60700,426756,COLO-320-HSR
36314,60750,COLO-320-HSR
31703,104842,COLO-320-HSR
5746,60750,COLO-320-HSR
2907,426756,COLO-320-HSR
5746,5311497,COLO-320-HSR
2907,126941,COLO-320-HSR
36314,126941,COLO-320-HSR
5743,104842,COLO-320-HSR
5746,36314,COLO-320-HSR
5746,60700,COLO-320-HSR
36314,104842,COLO-320-HSR
4091,126941,COLO-320-HSR
2907,31703,COLO-320-HSR
2907,3385,COLO-320-HSR
31703,126941,COLO-320-HSR
36314,60700,COLO-320-HSR
3385,9887053,COLO-320-HSR
3385,36462,COLO-320-HSR
4091,31703,COLO-320-HSR
4091,36462,COLO-320-HSR
2907,5743,COLO-320-HSR
426756,9887053,COLO-320-HSR
2907,104842,COLO-320-HSR
5743,5746,COLO-320-HSR
5743,60750,COLO-320-HSR
4091,6710780,COLO-320-HSR
36462,126941,COLO-320-HSR
3385,31703,COLO-320-HSR
3385,104842,EFM-192A
60750,104842,EFM-192A
31703,6710780,EFM-192A
36314,5311497,EFM-192A
3385,4091,EFM-192A
5746,6710780,EFM-192A
126941,9887053,EFM-192A
31703,36314,EFM-192A
3385,126941,EFM-192A
5743,9887053,EFM-192A
31703,60700,EFM-192A
4091,5746,EFM-192A
5746,36462,EFM-192A
4091,426756,EFM-192A
104842,6710780,EFM-192A
5746,104842,EFM-192A
104842,426756,EFM-192A
3385,426756,EFM-192A
3385,5746,EFM-192A
126941,5311497,EFM-192A
60750,426756,EFM-192A
31703,60750,EFM-192A
5743,5311497,EFM-192A
126941,426756,EFM-192A
60750,5311497,EFM-192A
3385,6710780,EFM-192A
426756,6710780,EFM-192A
36462,426756,EFM-192A
5746,426756,EFM-192A
5743,126941,EFM-192A
60700,9887053,EFM-192A
36462,5311497,EFM-192A
31703,9887053,EFM-192A
2907,60700,EFM-192A
2907,36462,EFM-192A
104842,9887053,EFM-192A
60700,6710780,EFM-192A
4091,104842,EFM-192A
5743,426756,EFM-192A
5743,36462,EFM-192A
2907,5311497,EFM-192A
2907,6710780,EFM-192A
426756,5311497,EFM-192A
60700,5311497,EFM-192A
36462,9887053,EFM-192A
5743,6710780,EFM-192A
5743,36314,EFM-192A
5746,31703,EFM-192A
5743,31703,EFM-192A
2907,4091,EFM-192A
60700,126941,EFM-192A
60700,104842,EFM-192A
2907,5746,EFM-192A
36462,60750,EFM-192A
36314,36462,EFM-192A
31703,36462,EFM-192A
3385,60700,EFM-192A
36462,6710780,EFM-192A
2907,36314,EFM-192A
60750,9887053,EFM-192A
5311497,6710780,EFM-192A
3385,36314,EFM-192A
5746,126941,EFM-192A
36314,426756,EFM-192A
60700,60750,EFM-192A
4091,60700,EFM-192A
3385,5311497,EFM-192A
36462,60700,EFM-192A
4091,36314,EFM-192A
36462,104842,EFM-192A
60750,6710780,EFM-192A
5311497,9887053,EFM-192A
2907,60750,EFM-192A
31703,5311497,EFM-192A
3385,60750,EFM-192A
3385,5743,EFM-192A
104842,126941,EFM-192A
4091,5311497,EFM-192A
104842,5311497,EFM-192A
31703,426756,EFM-192A
4091,60750,EFM-192A
4091,5743,EFM-192A
2907,9887053,EFM-192A
5743,60700,EFM-192A
6710780,9887053,EFM-192A
36314,9887053,EFM-192A
60750,126941,EFM-192A
5746,9887053,EFM-192A
126941,6710780,EFM-192A
36314,6710780,EFM-192A
4091,9887053,EFM-192A
60700,426756,EFM-192A
36314,60750,EFM-192A
31703,104842,EFM-192A
5746,60750,EFM-192A
2907,426756,EFM-192A
5746,5311497,EFM-192A
2907,126941,EFM-192A
36314,126941,EFM-192A
5743,104842,EFM-192A
5746,36314,EFM-192A
5746,60700,EFM-192A
36314,104842,EFM-192A
4091,126941,EFM-192A
2907,31703,EFM-192A
2907,3385,EFM-192A
31703,126941,EFM-192A
36314,60700,EFM-192A
3385,9887053,EFM-192A
3385,36462,EFM-192A
4091,31703,EFM-192A
4091,36462,EFM-192A
2907,5743,EFM-192A
426756,9887053,EFM-192A
2907,104842,EFM-192A
5743,5746,EFM-192A
5743,60750,EFM-192A
4091,6710780,EFM-192A
36462,126941,EFM-192A
3385,31703,EFM-192A
3385,104842,ES-2
60750,104842,ES-2
31703,6710780,ES-2
36314,5311497,ES-2
3385,4091,ES-2
5746,6710780,ES-2
126941,9887053,ES-2
31703,36314,ES-2
3385,126941,ES-2
5743,9887053,ES-2
31703,60700,ES-2
4091,5746,ES-2
5746,36462,ES-2
4091,426756,ES-2
104842,6710780,ES-2
5746,104842,ES-2
104842,426756,ES-2
3385,426756,ES-2
3385,5746,ES-2
126941,5311497,ES-2
60750,426756,ES-2
31703,60750,ES-2
5743,5311497,ES-2
126941,426756,ES-2
60750,5311497,ES-2
3385,6710780,ES-2
426756,6710780,ES-2
36462,426756,ES-2
5746,426756,ES-2
5743,126941,ES-2
60700,9887053,ES-2
36462,5311497,ES-2
31703,9887053,ES-2
2907,60700,ES-2
2907,36462,ES-2
104842,9887053,ES-2
60700,6710780,ES-2
4091,104842,ES-2
5743,426756,ES-2
5743,36462,ES-2
2907,5311497,ES-2
2907,6710780,ES-2
426756,5311497,ES-2
60700,5311497,ES-2
36462,9887053,ES-2
5743,6710780,ES-2
5743,36314,ES-2
5746,31703,ES-2
5743,31703,ES-2
2907,4091,ES-2
60700,126941,ES-2
60700,104842,ES-2
2907,5746,ES-2
36462,60750,ES-2
36314,36462,ES-2
31703,36462,ES-2
3385,60700,ES-2
36462,6710780,ES-2
2907,36314,ES-2
60750,9887053,ES-2
5311497,6710780,ES-2
3385,36314,ES-2
5746,126941,ES-2
36314,426756,ES-2
60700,60750,ES-2
4091,60700,ES-2
3385,5311497,ES-2
36462,60700,ES-2
4091,36314,ES-2
36462,104842,ES-2
60750,6710780,ES-2
5311497,9887053,ES-2
2907,60750,ES-2
31703,5311497,ES-2
3385,60750,ES-2
3385,5743,ES-2
104842,126941,ES-2
4091,5311497,ES-2
104842,5311497,ES-2
31703,426756,ES-2
4091,60750,ES-2
4091,5743,ES-2
2907,9887053,ES-2
5743,60700,ES-2
6710780,9887053,ES-2
36314,9887053,ES-2
60750,126941,ES-2
5746,9887053,ES-2
126941,6710780,ES-2
36314,6710780,ES-2
4091,9887053,ES-2
60700,426756,ES-2
36314,60750,ES-2
31703,104842,ES-2
5746,60750,ES-2
2907,426756,ES-2
5746,5311497,ES-2
2907,126941,ES-2
36314,126941,ES-2
5743,104842,ES-2
5746,36314,ES-2
5746,60700,ES-2
36314,104842,ES-2
4091,126941,ES-2
2907,31703,ES-2
2907,3385,ES-2
31703,126941,ES-2
36314,60700,ES-2
3385,9887053,ES-2
3385,36462,ES-2
4091,31703,ES-2
4091,36462,ES-2
2907,5743,ES-2
426756,9887053,ES-2
2907,104842,ES-2
5743,5746,ES-2
5743,60750,ES-2
4091,6710780,ES-2
36462,126941,ES-2
3385,31703,ES-2
3385,104842,HCT-116
60750,104842,HCT-116
31703,6710780,HCT-116
36314,5311497,HCT-116
3385,4091,HCT-116
5746,6710780,HCT-116
126941,9887053,HCT-116
31703,36314,HCT-116
3385,126941,HCT-116
5743,9887053,HCT-116
31703,60700,HCT-116
4091,5746,HCT-116
5746,36462,HCT-116
4091,426756,HCT-116
104842,6710780,HCT-116
5746,104842,HCT-116
104842,426756,HCT-116
3385,426756,HCT-116
3385,5746,HCT-116
126941,5311497,HCT-116
60750,426756,HCT-116
31703,60750,HCT-116
5743,5311497,HCT-116
126941,426756,HCT-116
60750,5311497,HCT-116
3385,6710780,HCT-116
426756,6710780,HCT-116
36462,426756,HCT-116
5746,426756,HCT-116
5743,126941,HCT-116
60700,9887053,HCT-116
36462,5311497,HCT-116
31703,9887053,HCT-116
2907,60700,HCT-116
2907,36462,HCT-116
104842,9887053,HCT-116
60700,6710780,HCT-116
4091,104842,HCT-116
5743,426756,HCT-116
5743,36462,HCT-116
2907,5311497,HCT-116
2907,6710780,HCT-116
426756,5311497,HCT-116
60700,5311497,HCT-116
36462,9887053,HCT-116
5743,6710780,HCT-116
5743,36314,HCT-116
5746,31703,HCT-116
5743,31703,HCT-116
2907,4091,HCT-116
60700,126941,HCT-116
60700,104842,HCT-116
2907,5746,HCT-116
36462,60750,HCT-116
36314,36462,HCT-116
31703,36462,HCT-116
3385,60700,HCT-116
36462,6710780,HCT-116
2907,36314,HCT-116
60750,9887053,HCT-116
5311497,6710780,HCT-116
3385,36314,HCT-116
5746,126941,HCT-116
36314,426756,HCT-116
60700,60750,HCT-116
4091,60700,HCT-116
3385,5311497,HCT-116
36462,60700,HCT-116
4091,36314,HCT-116
36462,104842,HCT-116
60750,6710780,HCT-116
5311497,9887053,HCT-116
2907,60750,HCT-116
31703,5311497,HCT-116
3385,60750,HCT-116
3385,5743,HCT-116
104842,126941,HCT-116
4091,5311497,HCT-116
104842,5311497,HCT-116
31703,426756,HCT-116
4091,60750,HCT-116
4091,5743,HCT-116
2907,9887053,HCT-116
5743,60700,HCT-116
6710780,9887053,HCT-116
36314,9887053,HCT-116
60750,126941,HCT-116
5746,9887053,HCT-116
126941,6710780,HCT-116
36314,6710780,HCT-116
4091,9887053,HCT-116
60700,426756,HCT-116
36314,60750,HCT-116
31703,104842,HCT-116
5746,60750,HCT-116
2907,426756,HCT-116
5746,5311497,HCT-116
2907,126941,HCT-116
36314,126941,HCT-116
5743,104842,HCT-116
5746,36314,HCT-116
5746,60700,HCT-116
36314,104842,HCT-116
4091,126941,HCT-116
2907,31703,HCT-116
2907,3385,HCT-116
31703,126941,HCT-116
36314,60700,HCT-116
3385,9887053,HCT-116
3385,36462,HCT-116
4091,31703,HCT-116
4091,36462,HCT-116
2907,5743,HCT-116
426756,9887053,HCT-116
2907,104842,HCT-116
5743,5746,HCT-116
5743,60750,HCT-116
4091,6710780,HCT-116
36462,126941,HCT-116
3385,31703,HCT-116
3385,104842,HT-144
60750,104842,HT-144
31703,6710780,HT-144
36314,5311497,HT-144
3385,4091,HT-144
5746,6710780,HT-144
126941,9887053,HT-144
31703,36314,HT-144
3385,126941,HT-144
5743,9887053,HT-144
31703,60700,HT-144
4091,5746,HT-144
5746,36462,HT-144
4091,426756,HT-144
104842,6710780,HT-144
5746,104842,HT-144
104842,426756,HT-144
3385,426756,HT-144
3385,5746,HT-144
126941,5311497,HT-144
60750,426756,HT-144
31703,60750,HT-144
5743,5311497,HT-144
126941,426756,HT-144
60750,5311497,HT-144
3385,6710780,HT-144
426756,6710780,HT-144
36462,426756,HT-144
5746,426756,HT-144
5743,126941,HT-144
60700,9887053,HT-144
36462,5311497,HT-144
31703,9887053,HT-144
2907,60700,HT-144
2907,36462,HT-144
104842,9887053,HT-144
60700,6710780,HT-144
4091,104842,HT-144
5743,426756,HT-144
5743,36462,HT-144
2907,5311497,HT-144
2907,6710780,HT-144
426756,5311497,HT-144
60700,5311497,HT-144
36462,9887053,HT-144
5743,6710780,HT-144
5743,36314,HT-144
5746,31703,HT-144
5743,31703,HT-144
2907,4091,HT-144
60700,126941,HT-144
60700,104842,HT-144
2907,5746,HT-144
36462,60750,HT-144
36314,36462,HT-144
31703,36462,HT-144
3385,60700,HT-144
36462,6710780,HT-144
2907,36314,HT-144
60750,9887053,HT-144
5311497,6710780,HT-144
3385,36314,HT-144
5746,126941,HT-144
36314,426756,HT-144
60700,60750,HT-144
4091,60700,HT-144
3385,5311497,HT-144
36462,60700,HT-144
4091,36314,HT-144
36462,104842,HT-144
60750,6710780,HT-144
5311497,9887053,HT-144
2907,60750,HT-144
31703,5311497,HT-144
3385,60750,HT-144
3385,5743,HT-144
104842,126941,HT-144
4091,5311497,HT-144
104842,5311497,HT-144
31703,426756,HT-144
4091,60750,HT-144
4091,5743,HT-144
2907,9887053,HT-144
5743,60700,HT-144
6710780,9887053,HT-144
36314,9887053,HT-144
60750,126941,HT-144
5746,9887053,HT-144
126941,6710780,HT-144
36314,6710780,HT-144
4091,9887053,HT-144
60700,426756,HT-144
36314,60750,HT-144
31703,104842,HT-144
5746,60750,HT-144
2907,426756,HT-144
5746,5311497,HT-144
2907,126941,HT-144
36314,126941,HT-144
5743,104842,HT-144
5746,36314,HT-144
5746,60700,HT-144
36314,104842,HT-144
4091,126941,HT-144
2907,31703,HT-144
2907,3385,HT-144
31703,126941,HT-144
36314,60700,HT-144
3385,9887053,HT-144
3385,36462,HT-144
4091,31703,HT-144
4091,36462,HT-144
2907,5743,HT-144
426756,9887053,HT-144
2907,104842,HT-144
5743,5746,HT-144
5743,60750,HT-144
4091,6710780,HT-144
36462,126941,HT-144
3385,31703,HT-144
3385,104842,HT-29
60750,104842,HT-29
31703,6710780,HT-29
36314,5311497,HT-29
3385,4091,HT-29
5746,6710780,HT-29
126941,9887053,HT-29
31703,36314,HT-29
3385,126941,HT-29
5743,9887053,HT-29
31703,60700,HT-29
4091,5746,HT-29
5746,36462,HT-29
4091,426756,HT-29
104842,6710780,HT-29
5746,104842,HT-29
104842,426756,HT-29
3385,426756,HT-29
3385,5746,HT-29
126941,5311497,HT-29
60750,426756,HT-29
31703,60750,HT-29
5743,5311497,HT-29
126941,426756,HT-29
60750,5311497,HT-29
3385,6710780,HT-29
426756,6710780,HT-29
36462,426756,HT-29
5746,426756,HT-29
5743,126941,HT-29
60700,9887053,HT-29
36462,5311497,HT-29
31703,9887053,HT-29
2907,60700,HT-29
2907,36462,HT-29
104842,9887053,HT-29
60700,6710780,HT-29
4091,104842,HT-29
5743,426756,HT-29
5743,36462,HT-29
2907,5311497,HT-29
2907,6710780,HT-29
426756,5311497,HT-29
60700,5311497,HT-29
36462,9887053,HT-29
5743,6710780,HT-29
5743,36314,HT-29
5746,31703,HT-29
5743,31703,HT-29
2907,4091,HT-29
60700,126941,HT-29
60700,104842,HT-29
2907,5746,HT-29
36462,60750,HT-29
36314,36462,HT-29
31703,36462,HT-29
3385,60700,HT-29
36462,6710780,HT-29
2907,36314,HT-29
60750,9887053,HT-29
5311497,6710780,HT-29
3385,36314,HT-29
5746,126941,HT-29
36314,426756,HT-29
60700,60750,HT-29
4091,60700,HT-29
3385,5311497,HT-29
36462,60700,HT-29
4091,36314,HT-29
36462,104842,HT-29
60750,6710780,HT-29
5311497,9887053,HT-29
2907,60750,HT-29
31703,5311497,HT-29
3385,60750,HT-29
3385,5743,HT-29
104842,126941,HT-29
4091,5311497,HT-29
104842,5311497,HT-29
31703,426756,HT-29
4091,60750,HT-29
4091,5743,HT-29
2907,9887053,HT-29
5743,60700,HT-29
6710780,9887053,HT-29
36314,9887053,HT-29
60750,126941,HT-29
5746,9887053,HT-29
126941,6710780,HT-29
36314,6710780,HT-29
4091,9887053,HT-29
60700,426756,HT-29
36314,60750,HT-29
31703,104842,HT-29
5746,60750,HT-29
2907,426756,HT-29
5746,5311497,HT-29
2907,126941,HT-29
36314,126941,HT-29
5743,104842,HT-29
5746,36314,HT-29
5746,60700,HT-29
36314,104842,HT-29
4091,126941,HT-29
2907,31703,HT-29
2907,3385,HT-29
31703,126941,HT-29
36314,60700,HT-29
3385,9887053,HT-29
3385,36462,HT-29
4091,31703,HT-29
4091,36462,HT-29
2907,5743,HT-29
426756,9887053,HT-29
2907,104842,HT-29
5743,5746,HT-29
5743,60750,HT-29
4091,6710780,HT-29
36462,126941,HT-29
3385,31703,HT-29
3385,104842,LNCaP-Clone-FGC
60750,104842,LNCaP-Clone-FGC
31703,6710780,LNCaP-Clone-FGC
36314,5311497,LNCaP-Clone-FGC
3385,4091,LNCaP-Clone-FGC
5746,6710780,LNCaP-Clone-FGC
126941,9887053,LNCaP-Clone-FGC
31703,36314,LNCaP-Clone-FGC
3385,126941,LNCaP-Clone-FGC
5743,9887053,LNCaP-Clone-FGC
31703,60700,LNCaP-Clone-FGC
4091,5746,LNCaP-Clone-FGC
5746,36462,LNCaP-Clone-FGC
4091,426756,LNCaP-Clone-FGC
104842,6710780,LNCaP-Clone-FGC
5746,104842,LNCaP-Clone-FGC
104842,426756,LNCaP-Clone-FGC
3385,426756,LNCaP-Clone-FGC
3385,5746,LNCaP-Clone-FGC
126941,5311497,LNCaP-Clone-FGC
60750,426756,LNCaP-Clone-FGC
31703,60750,LNCaP-Clone-FGC
5743,5311497,LNCaP-Clone-FGC
126941,426756,LNCaP-Clone-FGC
60750,5311497,LNCaP-Clone-FGC
3385,6710780,LNCaP-Clone-FGC
426756,6710780,LNCaP-Clone-FGC
36462,426756,LNCaP-Clone-FGC
5746,426756,LNCaP-Clone-FGC
5743,126941,LNCaP-Clone-FGC
60700,9887053,LNCaP-Clone-FGC
36462,5311497,LNCaP-Clone-FGC
31703,9887053,LNCaP-Clone-FGC
2907,60700,LNCaP-Clone-FGC
2907,36462,LNCaP-Clone-FGC
104842,9887053,LNCaP-Clone-FGC
60700,6710780,LNCaP-Clone-FGC
4091,104842,LNCaP-Clone-FGC
5743,426756,LNCaP-Clone-FGC
5743,36462,LNCaP-Clone-FGC
2907,5311497,LNCaP-Clone-FGC
2907,6710780,LNCaP-Clone-FGC
426756,5311497,LNCaP-Clone-FGC
60700,5311497,LNCaP-Clone-FGC
36462,9887053,LNCaP-Clone-FGC
5743,6710780,LNCaP-Clone-FGC
5743,36314,LNCaP-Clone-FGC
5746,31703,LNCaP-Clone-FGC
5743,31703,LNCaP-Clone-FGC
2907,4091,LNCaP-Clone-FGC
60700,126941,LNCaP-Clone-FGC
60700,104842,LNCaP-Clone-FGC
2907,5746,LNCaP-Clone-FGC
36462,60750,LNCaP-Clone-FGC
36314,36462,LNCaP-Clone-FGC
31703,36462,LNCaP-Clone-FGC
3385,60700,LNCaP-Clone-FGC
36462,6710780,LNCaP-Clone-FGC
2907,36314,LNCaP-Clone-FGC
60750,9887053,LNCaP-Clone-FGC
5311497,6710780,LNCaP-Clone-FGC
3385,36314,LNCaP-Clone-FGC
5746,126941,LNCaP-Clone-FGC
36314,426756,LNCaP-Clone-FGC
60700,60750,LNCaP-Clone-FGC
4091,60700,LNCaP-Clone-FGC
3385,5311497,LNCaP-Clone-FGC
36462,60700,LNCaP-Clone-FGC
4091,36314,LNCaP-Clone-FGC
36462,104842,LNCaP-Clone-FGC
60750,6710780,LNCaP-Clone-FGC
5311497,9887053,LNCaP-Clone-FGC
2907,60750,LNCaP-Clone-FGC
31703,5311497,LNCaP-Clone-FGC
3385,60750,LNCaP-Clone-FGC
3385,5743,LNCaP-Clone-FGC
104842,126941,LNCaP-Clone-FGC
4091,5311497,LNCaP-Clone-FGC
104842,5311497,LNCaP-Clone-FGC
31703,426756,LNCaP-Clone-FGC
4091,60750,LNCaP-Clone-FGC
4091,5743,LNCaP-Clone-FGC
2907,9887053,LNCaP-Clone-FGC
5743,60700,LNCaP-Clone-FGC
6710780,9887053,LNCaP-Clone-FGC
36314,9887053,LNCaP-Clone-FGC
60750,126941,LNCaP-Clone-FGC
5746,9887053,LNCaP-Clone-FGC
126941,6710780,LNCaP-Clone-FGC
36314,6710780,LNCaP-Clone-FGC
4091,9887053,LNCaP-Clone-FGC
60700,426756,LNCaP-Clone-FGC
36314,60750,LNCaP-Clone-FGC
31703,104842,LNCaP-Clone-FGC
5746,60750,LNCaP-Clone-FGC
2907,426756,LNCaP-Clone-FGC
5746,5311497,LNCaP-Clone-FGC
2907,126941,LNCaP-Clone-FGC
36314,126941,LNCaP-Clone-FGC
5743,104842,LNCaP-Clone-FGC
5746,36314,LNCaP-Clone-FGC
5746,60700,LNCaP-Clone-FGC
36314,104842,LNCaP-Clone-FGC
4091,126941,LNCaP-Clone-FGC
2907,31703,LNCaP-Clone-FGC
2907,3385,LNCaP-Clone-FGC
31703,126941,LNCaP-Clone-FGC
36314,60700,LNCaP-Clone-FGC
3385,9887053,LNCaP-Clone-FGC
3385,36462,LNCaP-Clone-FGC
4091,31703,LNCaP-Clone-FGC
4091,36462,LNCaP-Clone-FGC
2907,5743,LNCaP-Clone-FGC
426756,9887053,LNCaP-Clone-FGC
2907,104842,LNCaP-Clone-FGC
5743,5746,LNCaP-Clone-FGC
5743,60750,LNCaP-Clone-FGC
4091,6710780,LNCaP-Clone-FGC
36462,126941,LNCaP-Clone-FGC
3385,31703,LNCaP-Clone-FGC
3385,104842,LOVO
60750,104842,LOVO
31703,6710780,LOVO
36314,5311497,LOVO
3385,4091,LOVO
5746,6710780,LOVO
126941,9887053,LOVO
31703,36314,LOVO
3385,126941,LOVO
5743,9887053,LOVO
31703,60700,LOVO
4091,5746,LOVO
5746,36462,LOVO
4091,426756,LOVO
104842,6710780,LOVO
5746,104842,LOVO
104842,426756,LOVO
3385,426756,LOVO
3385,5746,LOVO
126941,5311497,LOVO
60750,426756,LOVO
31703,60750,LOVO
5743,5311497,LOVO
126941,426756,LOVO
60750,5311497,LOVO
3385,6710780,LOVO
426756,6710780,LOVO
36462,426756,LOVO
5746,426756,LOVO
5743,126941,LOVO
60700,9887053,LOVO
36462,5311497,LOVO
31703,9887053,LOVO
2907,60700,LOVO
2907,36462,LOVO
104842,9887053,LOVO
60700,6710780,LOVO
4091,104842,LOVO
5743,426756,LOVO
5743,36462,LOVO
2907,5311497,LOVO
2907,6710780,LOVO
426756,5311497,LOVO
60700,5311497,LOVO
36462,9887053,LOVO
5743,6710780,LOVO
5743,36314,LOVO
5746,31703,LOVO
5743,31703,LOVO
2907,4091,LOVO
60700,126941,LOVO
60700,104842,LOVO
2907,5746,LOVO
36462,60750,LOVO
36314,36462,LOVO
31703,36462,LOVO
3385,60700,LOVO
36462,6710780,LOVO
2907,36314,LOVO
60750,9887053,LOVO
5311497,6710780,LOVO
3385,36314,LOVO
5746,126941,LOVO
36314,426756,LOVO
60700,60750,LOVO
4091,60700,LOVO
3385,5311497,LOVO
36462,60700,LOVO
4091,36314,LOVO
36462,104842,LOVO
60750,6710780,LOVO
5311497,9887053,LOVO
2907,60750,LOVO
31703,5311497,LOVO
3385,60750,LOVO
3385,5743,LOVO
104842,126941,LOVO
4091,5311497,LOVO
104842,5311497,LOVO
31703,426756,LOVO
4091,60750,LOVO
4091,5743,LOVO
2907,9887053,LOVO
5743,60700,LOVO
6710780,9887053,LOVO
36314,9887053,LOVO
60750,126941,LOVO
5746,9887053,LOVO
126941,6710780,LOVO
36314,6710780,LOVO
4091,9887053,LOVO
60700,426756,LOVO
36314,60750,LOVO
31703,104842,LOVO
5746,60750,LOVO
2907,426756,LOVO
5746,5311497,LOVO
2907,126941,LOVO
36314,126941,LOVO
5743,104842,LOVO
5746,36314,LOVO
5746,60700,LOVO
36314,104842,LOVO
4091,126941,LOVO
2907,31703,LOVO
2907,3385,LOVO
31703,126941,LOVO
36314,60700,LOVO
3385,9887053,LOVO
3385,36462,LOVO
4091,31703,LOVO
4091,36462,LOVO
2907,5743,LOVO
426756,9887053,LOVO
2907,104842,LOVO
5743,5746,LOVO
5743,60750,LOVO
4091,6710780,LOVO
36462,126941,LOVO
3385,31703,LOVO
3385,104842,MDA-MB-436
60750,104842,MDA-MB-436
31703,6710780,MDA-MB-436
36314,5311497,MDA-MB-436
3385,4091,MDA-MB-436
5746,6710780,MDA-MB-436
126941,9887053,MDA-MB-436
31703,36314,MDA-MB-436
3385,126941,MDA-MB-436
5743,9887053,MDA-MB-436
31703,60700,MDA-MB-436
4091,5746,MDA-MB-436
5746,36462,MDA-MB-436
4091,426756,MDA-MB-436
104842,6710780,MDA-MB-436
5746,104842,MDA-MB-436
104842,426756,MDA-MB-436
3385,426756,MDA-MB-436
3385,5746,MDA-MB-436
126941,5311497,MDA-MB-436
60750,426756,MDA-MB-436
31703,60750,MDA-MB-436
5743,5311497,MDA-MB-436
126941,426756,MDA-MB-436
60750,5311497,MDA-MB-436
3385,6710780,MDA-MB-436
426756,6710780,MDA-MB-436
36462,426756,MDA-MB-436
5746,426756,MDA-MB-436
5743,126941,MDA-MB-436
60700,9887053,MDA-MB-436
36462,5311497,MDA-MB-436
31703,9887053,MDA-MB-436
2907,60700,MDA-MB-436
2907,36462,MDA-MB-436
104842,9887053,MDA-MB-436
60700,6710780,MDA-MB-436
4091,104842,MDA-MB-436
5743,426756,MDA-MB-436
5743,36462,MDA-MB-436
2907,5311497,MDA-MB-436
2907,6710780,MDA-MB-436
426756,5311497,MDA-MB-436
60700,5311497,MDA-MB-436
36462,9887053,MDA-MB-436
5743,6710780,MDA-MB-436
5743,36314,MDA-MB-436
5746,31703,MDA-MB-436
5743,31703,MDA-MB-436
2907,4091,MDA-MB-436
60700,126941,MDA-MB-436
60700,104842,MDA-MB-436
2907,5746,MDA-MB-436
36462,60750,MDA-MB-436
36314,36462,MDA-MB-436
31703,36462,MDA-MB-436
3385,60700,MDA-MB-436
36462,6710780,MDA-MB-436
2907,36314,MDA-MB-436
60750,9887053,MDA-MB-436
5311497,6710780,MDA-MB-436
3385,36314,MDA-MB-436
5746,126941,MDA-MB-436
36314,426756,MDA-MB-436
60700,60750,MDA-MB-436
4091,60700,MDA-MB-436
3385,5311497,MDA-MB-436
36462,60700,MDA-MB-436
4091,36314,MDA-MB-436
36462,104842,MDA-MB-436
60750,6710780,MDA-MB-436
5311497,9887053,MDA-MB-436
2907,60750,MDA-MB-436
31703,5311497,MDA-MB-436
3385,60750,MDA-MB-436
3385,5743,MDA-MB-436
104842,126941,MDA-MB-436
4091,5311497,MDA-MB-436
104842,5311497,MDA-MB-436
31703,426756,MDA-MB-436
4091,60750,MDA-MB-436
4091,5743,MDA-MB-436
2907,9887053,MDA-MB-436
5743,60700,MDA-MB-436
6710780,9887053,MDA-MB-436
36314,9887053,MDA-MB-436
60750,126941,MDA-MB-436
5746,9887053,MDA-MB-436
126941,6710780,MDA-MB-436
36314,6710780,MDA-MB-436
4091,9887053,MDA-MB-436
60700,426756,MDA-MB-436
36314,60750,MDA-MB-436
31703,104842,MDA-MB-436
5746,60750,MDA-MB-436
2907,426756,MDA-MB-436
5746,5311497,MDA-MB-436
2907,126941,MDA-MB-436
36314,126941,MDA-MB-436
5743,104842,MDA-MB-436
5746,36314,MDA-MB-436
5746,60700,MDA-MB-436
36314,104842,MDA-MB-436
4091,126941,MDA-MB-436
2907,31703,MDA-MB-436
2907,3385,MDA-MB-436
31703,126941,MDA-MB-436
36314,60700,MDA-MB-436
3385,9887053,MDA-MB-436
3385,36462,MDA-MB-436
4091,31703,MDA-MB-436
4091,36462,MDA-MB-436
2907,5743,MDA-MB-436
426756,9887053,MDA-MB-436
2907,104842,MDA-MB-436
5743,5746,MDA-MB-436
5743,60750,MDA-MB-436
4091,6710780,MDA-MB-436
36462,126941,MDA-MB-436
3385,31703,MDA-MB-436
3385,104842,MSTO-211H
60750,104842,MSTO-211H
31703,6710780,MSTO-211H
36314,5311497,MSTO-211H
3385,4091,MSTO-211H
5746,6710780,MSTO-211H
126941,9887053,MSTO-211H
31703,36314,MSTO-211H
3385,126941,MSTO-211H
5743,9887053,MSTO-211H
31703,60700,MSTO-211H
4091,5746,MSTO-211H
5746,36462,MSTO-211H
4091,426756,MSTO-211H
104842,6710780,MSTO-211H
5746,104842,MSTO-211H
104842,426756,MSTO-211H
3385,426756,MSTO-211H
3385,5746,MSTO-211H
126941,5311497,MSTO-211H
60750,426756,MSTO-211H
31703,60750,MSTO-211H
5743,5311497,MSTO-211H
126941,426756,MSTO-211H
60750,5311497,MSTO-211H
3385,6710780,MSTO-211H
426756,6710780,MSTO-211H
36462,426756,MSTO-211H
5746,426756,MSTO-211H
5743,126941,MSTO-211H
60700,9887053,MSTO-211H
36462,5311497,MSTO-211H
31703,9887053,MSTO-211H
2907,60700,MSTO-211H
2907,36462,MSTO-211H
104842,9887053,MSTO-211H
60700,6710780,MSTO-211H
4091,104842,MSTO-211H
5743,426756,MSTO-211H
5743,36462,MSTO-211H
2907,5311497,MSTO-211H
2907,6710780,MSTO-211H
426756,5311497,MSTO-211H
60700,5311497,MSTO-211H
36462,9887053,MSTO-211H
5743,6710780,MSTO-211H
5743,36314,MSTO-211H
5746,31703,MSTO-211H
5743,31703,MSTO-211H
2907,4091,MSTO-211H
60700,126941,MSTO-211H
60700,104842,MSTO-211H
2907,5746,MSTO-211H
36462,60750,MSTO-211H
36314,36462,MSTO-211H
31703,36462,MSTO-211H
3385,60700,MSTO-211H
36462,6710780,MSTO-211H
2907,36314,MSTO-211H
60750,9887053,MSTO-211H
5311497,6710780,MSTO-211H
3385,36314,MSTO-211H
5746,126941,MSTO-211H
36314,426756,MSTO-211H
60700,60750,MSTO-211H
4091,60700,MSTO-211H
3385,5311497,MSTO-211H
36462,60700,MSTO-211H
4091,36314,MSTO-211H
36462,104842,MSTO-211H
60750,6710780,MSTO-211H
5311497,9887053,MSTO-211H
2907,60750,MSTO-211H
31703,5311497,MSTO-211H
3385,60750,MSTO-211H
3385,5743,MSTO-211H
104842,126941,MSTO-211H
4091,5311497,MSTO-211H
104842,5311497,MSTO-211H
31703,426756,MSTO-211H
4091,60750,MSTO-211H
4091,5743,MSTO-211H
2907,9887053,MSTO-211H
5743,60700,MSTO-211H
6710780,9887053,MSTO-211H
36314,9887053,MSTO-211H
60750,126941,MSTO-211H
5746,9887053,MSTO-211H
126941,6710780,MSTO-211H
36314,6710780,MSTO-211H
4091,9887053,MSTO-211H
60700,426756,MSTO-211H
36314,60750,MSTO-211H
31703,104842,MSTO-211H
5746,60750,MSTO-211H
2907,426756,MSTO-211H
5746,5311497,MSTO-211H
2907,126941,MSTO-211H
36314,126941,MSTO-211H
5743,104842,MSTO-211H
5746,36314,MSTO-211H
5746,60700,MSTO-211H
36314,104842,MSTO-211H
4091,126941,MSTO-211H
2907,31703,MSTO-211H
2907,3385,MSTO-211H
31703,126941,MSTO-211H
36314,60700,MSTO-211H
3385,9887053,MSTO-211H
3385,36462,MSTO-211H
4091,31703,MSTO-211H
4091,36462,MSTO-211H
2907,5743,MSTO-211H
426756,9887053,MSTO-211H
2907,104842,MSTO-211H
5743,5746,MSTO-211H
5743,60750,MSTO-211H
4091,6710780,MSTO-211H
36462,126941,MSTO-211H
3385,31703,MSTO-211H
3385,104842,NCI-H1650
60750,104842,NCI-H1650
31703,6710780,NCI-H1650
36314,5311497,NCI-H1650
3385,4091,NCI-H1650
5746,6710780,NCI-H1650
126941,9887053,NCI-H1650
31703,36314,NCI-H1650
3385,126941,NCI-H1650
5743,9887053,NCI-H1650
31703,60700,NCI-H1650
4091,5746,NCI-H1650
5746,36462,NCI-H1650
4091,426756,NCI-H1650
104842,6710780,NCI-H1650
5746,104842,NCI-H1650
104842,426756,NCI-H1650
3385,426756,NCI-H1650
3385,5746,NCI-H1650
126941,5311497,NCI-H1650
60750,426756,NCI-H1650
31703,60750,NCI-H1650
5743,5311497,NCI-H1650
126941,426756,NCI-H1650
60750,5311497,NCI-H1650
3385,6710780,NCI-H1650
426756,6710780,NCI-H1650
36462,426756,NCI-H1650
5746,426756,NCI-H1650
5743,126941,NCI-H1650
60700,9887053,NCI-H1650
36462,5311497,NCI-H1650
31703,9887053,NCI-H1650
2907,60700,NCI-H1650
2907,36462,NCI-H1650
104842,9887053,NCI-H1650
60700,6710780,NCI-H1650
4091,104842,NCI-H1650
5743,426756,NCI-H1650
5743,36462,NCI-H1650
2907,5311497,NCI-H1650
2907,6710780,NCI-H1650
426756,5311497,NCI-H1650
60700,5311497,NCI-H1650
36462,9887053,NCI-H1650
5743,6710780,NCI-H1650
5743,36314,NCI-H1650
5746,31703,NCI-H1650
5743,31703,NCI-H1650
2907,4091,NCI-H1650
60700,126941,NCI-H1650
60700,104842,NCI-H1650
2907,5746,NCI-H1650
36462,60750,NCI-H1650
36314,36462,NCI-H1650
31703,36462,NCI-H1650
3385,60700,NCI-H1650
36462,6710780,NCI-H1650
2907,36314,NCI-H1650
60750,9887053,NCI-H1650
5311497,6710780,NCI-H1650
3385,36314,NCI-H1650
5746,126941,NCI-H1650
36314,426756,NCI-H1650
60700,60750,NCI-H1650
4091,60700,NCI-H1650
3385,5311497,NCI-H1650
36462,60700,NCI-H1650
4091,36314,NCI-H1650
36462,104842,NCI-H1650
60750,6710780,NCI-H1650
5311497,9887053,NCI-H1650
2907,60750,NCI-H1650
31703,5311497,NCI-H1650
3385,60750,NCI-H1650
3385,5743,NCI-H1650
104842,126941,NCI-H1650
4091,5311497,NCI-H1650
104842,5311497,NCI-H1650
31703,426756,NCI-H1650
4091,60750,NCI-H1650
4091,5743,NCI-H1650
2907,9887053,NCI-H1650
5743,60700,NCI-H1650
6710780,9887053,NCI-H1650
36314,9887053,NCI-H1650
60750,126941,NCI-H1650
5746,9887053,NCI-H1650
126941,6710780,NCI-H1650
36314,6710780,NCI-H1650
4091,9887053,NCI-H1650
60700,426756,NCI-H1650
36314,60750,NCI-H1650
31703,104842,NCI-H1650
5746,60750,NCI-H1650
2907,426756,NCI-H1650
5746,5311497,NCI-H1650
2907,126941,NCI-H1650
36314,126941,NCI-H1650
5743,104842,NCI-H1650
5746,36314,NCI-H1650
5746,60700,NCI-H1650
36314,104842,NCI-H1650
4091,126941,NCI-H1650
2907,31703,NCI-H1650
2907,3385,NCI-H1650
31703,126941,NCI-H1650
36314,60700,NCI-H1650
3385,9887053,NCI-H1650
3385,36462,NCI-H1650
4091,31703,NCI-H1650
4091,36462,NCI-H1650
2907,5743,NCI-H1650
426756,9887053,NCI-H1650
2907,104842,NCI-H1650
5743,5746,NCI-H1650
5743,60750,NCI-H1650
4091,6710780,NCI-H1650
36462,126941,NCI-H1650
3385,31703,NCI-H1650
3385,104842,NCI-H2122
60750,104842,NCI-H2122
31703,6710780,NCI-H2122
36314,5311497,NCI-H2122
3385,4091,NCI-H2122
5746,6710780,NCI-H2122
126941,9887053,NCI-H2122
31703,36314,NCI-H2122
3385,126941,NCI-H2122
5743,9887053,NCI-H2122
31703,60700,NCI-H2122
4091,5746,NCI-H2122
5746,36462,NCI-H2122
4091,426756,NCI-H2122
104842,6710780,NCI-H2122
5746,104842,NCI-H2122
104842,426756,NCI-H2122
3385,426756,NCI-H2122
3385,5746,NCI-H2122
126941,5311497,NCI-H2122
60750,426756,NCI-H2122
31703,60750,NCI-H2122
5743,5311497,NCI-H2122
126941,426756,NCI-H2122
60750,5311497,NCI-H2122
3385,6710780,NCI-H2122
426756,6710780,NCI-H2122
36462,426756,NCI-H2122
5746,426756,NCI-H2122
5743,126941,NCI-H2122
60700,9887053,NCI-H2122
36462,5311497,NCI-H2122
31703,9887053,NCI-H2122
2907,60700,NCI-H2122
2907,36462,NCI-H2122
104842,9887053,NCI-H2122
60700,6710780,NCI-H2122
4091,104842,NCI-H2122
5743,426756,NCI-H2122
5743,36462,NCI-H2122
2907,5311497,NCI-H2122
2907,6710780,NCI-H2122
426756,5311497,NCI-H2122
60700,5311497,NCI-H2122
36462,9887053,NCI-H2122
5743,6710780,NCI-H2122
5743,36314,NCI-H2122
5746,31703,NCI-H2122
5743,31703,NCI-H2122
2907,4091,NCI-H2122
60700,126941,NCI-H2122
60700,104842,NCI-H2122
2907,5746,NCI-H2122
36462,60750,NCI-H2122
36314,36462,NCI-H2122
31703,36462,NCI-H2122
3385,60700,NCI-H2122
36462,6710780,NCI-H2122
2907,36314,NCI-H2122
60750,9887053,NCI-H2122
5311497,6710780,NCI-H2122
3385,36314,NCI-H2122
5746,126941,NCI-H2122
36314,426756,NCI-H2122
60700,60750,NCI-H2122
4091,60700,NCI-H2122
3385,5311497,NCI-H2122
36462,60700,NCI-H2122
4091,36314,NCI-H2122
36462,104842,NCI-H2122
60750,6710780,NCI-H2122
5311497,9887053,NCI-H2122
2907,60750,NCI-H2122
31703,5311497,NCI-H2122
3385,60750,NCI-H2122
3385,5743,NCI-H2122
104842,126941,NCI-H2122
4091,5311497,NCI-H2122
104842,5311497,NCI-H2122
31703,426756,NCI-H2122
4091,60750,NCI-H2122
4091,5743,NCI-H2122
2907,9887053,NCI-H2122
5743,60700,NCI-H2122
6710780,9887053,NCI-H2122
36314,9887053,NCI-H2122
60750,126941,NCI-H2122
5746,9887053,NCI-H2122
126941,6710780,NCI-H2122
36314,6710780,NCI-H2122
4091,9887053,NCI-H2122
60700,426756,NCI-H2122
36314,60750,NCI-H2122
31703,104842,NCI-H2122
5746,60750,NCI-H2122
2907,426756,NCI-H2122
5746,5311497,NCI-H2122
2907,126941,NCI-H2122
36314,126941,NCI-H2122
5743,104842,NCI-H2122
5746,36314,NCI-H2122
5746,60700,NCI-H2122
36314,104842,NCI-H2122
4091,126941,NCI-H2122
2907,31703,NCI-H2122
2907,3385,NCI-H2122
31703,126941,NCI-H2122
36314,60700,NCI-H2122
3385,9887053,NCI-H2122
3385,36462,NCI-H2122
4091,31703,NCI-H2122
4091,36462,NCI-H2122
2907,5743,NCI-H2122
426756,9887053,NCI-H2122
2907,104842,NCI-H2122
5743,5746,NCI-H2122
5743,60750,NCI-H2122
4091,6710780,NCI-H2122
36462,126941,NCI-H2122
3385,31703,NCI-H2122
3385,104842,NCI-H23
60750,104842,NCI-H23
31703,6710780,NCI-H23
36314,5311497,NCI-H23
3385,4091,NCI-H23
5746,6710780,NCI-H23
126941,9887053,NCI-H23
31703,36314,NCI-H23
3385,126941,NCI-H23
5743,9887053,NCI-H23
31703,60700,NCI-H23
4091,5746,NCI-H23
5746,36462,NCI-H23
4091,426756,NCI-H23
104842,6710780,NCI-H23
5746,104842,NCI-H23
104842,426756,NCI-H23
3385,426756,NCI-H23
3385,5746,NCI-H23
126941,5311497,NCI-H23
60750,426756,NCI-H23
31703,60750,NCI-H23
5743,5311497,NCI-H23
126941,426756,NCI-H23
60750,5311497,NCI-H23
3385,6710780,NCI-H23
426756,6710780,NCI-H23
36462,426756,NCI-H23
5746,426756,NCI-H23
5743,126941,NCI-H23
60700,9887053,NCI-H23
36462,5311497,NCI-H23
31703,9887053,NCI-H23
2907,60700,NCI-H23
2907,36462,NCI-H23
104842,9887053,NCI-H23
60700,6710780,NCI-H23
4091,104842,NCI-H23
5743,426756,NCI-H23
5743,36462,NCI-H23
2907,5311497,NCI-H23
2907,6710780,NCI-H23
426756,5311497,NCI-H23
60700,5311497,NCI-H23
36462,9887053,NCI-H23
5743,6710780,NCI-H23
5743,36314,NCI-H23
5746,31703,NCI-H23
5743,31703,NCI-H23
2907,4091,NCI-H23
60700,126941,NCI-H23
60700,104842,NCI-H23
2907,5746,NCI-H23
36462,60750,NCI-H23
36314,36462,NCI-H23
31703,36462,NCI-H23
3385,60700,NCI-H23
36462,6710780,NCI-H23
2907,36314,NCI-H23
60750,9887053,NCI-H23
5311497,6710780,NCI-H23
3385,36314,NCI-H23
5746,126941,NCI-H23
36314,426756,NCI-H23
60700,60750,NCI-H23
4091,60700,NCI-H23
3385,5311497,NCI-H23
36462,60700,NCI-H23
4091,36314,NCI-H23
36462,104842,NCI-H23
60750,6710780,NCI-H23
5311497,9887053,NCI-H23
2907,60750,NCI-H23
31703,5311497,NCI-H23
3385,60750,NCI-H23
3385,5743,NCI-H23
104842,126941,NCI-H23
4091,5311497,NCI-H23
104842,5311497,NCI-H23
31703,426756,NCI-H23
4091,60750,NCI-H23
4091,5743,NCI-H23
2907,9887053,NCI-H23
5743,60700,NCI-H23
6710780,9887053,NCI-H23
36314,9887053,NCI-H23
60750,126941,NCI-H23
5746,9887053,NCI-H23
126941,6710780,NCI-H23
36314,6710780,NCI-H23
4091,9887053,NCI-H23
60700,426756,NCI-H23
36314,60750,NCI-H23
31703,104842,NCI-H23
5746,60750,NCI-H23
2907,426756,NCI-H23
5746,5311497,NCI-H23
2907,126941,NCI-H23
36314,126941,NCI-H23
5743,104842,NCI-H23
5746,36314,NCI-H23
5746,60700,NCI-H23
36314,104842,NCI-H23
4091,126941,NCI-H23
2907,31703,NCI-H23
2907,3385,NCI-H23
31703,126941,NCI-H23
36314,60700,NCI-H23
3385,9887053,NCI-H23
3385,36462,NCI-H23
4091,31703,NCI-H23
4091,36462,NCI-H23
2907,5743,NCI-H23
426756,9887053,NCI-H23
2907,104842,NCI-H23
5743,5746,NCI-H23
5743,60750,NCI-H23
4091,6710780,NCI-H23
36462,126941,NCI-H23
3385,31703,NCI-H23
3385,104842,NCI-H520
60750,104842,NCI-H520
31703,6710780,NCI-H520
36314,5311497,NCI-H520
3385,4091,NCI-H520
5746,6710780,NCI-H520
126941,9887053,NCI-H520
31703,36314,NCI-H520
3385,126941,NCI-H520
5743,9887053,NCI-H520
31703,60700,NCI-H520
4091,5746,NCI-H520
5746,36462,NCI-H520
4091,426756,NCI-H520
104842,6710780,NCI-H520
5746,104842,NCI-H520
104842,426756,NCI-H520
3385,426756,NCI-H520
3385,5746,NCI-H520
126941,5311497,NCI-H520
60750,426756,NCI-H520
31703,60750,NCI-H520
5743,5311497,NCI-H520
126941,426756,NCI-H520
60750,5311497,NCI-H520
3385,6710780,NCI-H520
426756,6710780,NCI-H520
36462,426756,NCI-H520
5746,426756,NCI-H520
5743,126941,NCI-H520
60700,9887053,NCI-H520
36462,5311497,NCI-H520
31703,9887053,NCI-H520
2907,60700,NCI-H520
2907,36462,NCI-H520
104842,9887053,NCI-H520
60700,6710780,NCI-H520
4091,104842,NCI-H520
5743,426756,NCI-H520
5743,36462,NCI-H520
2907,5311497,NCI-H520
2907,6710780,NCI-H520
426756,5311497,NCI-H520
60700,5311497,NCI-H520
36462,9887053,NCI-H520
5743,6710780,NCI-H520
5743,36314,NCI-H520
5746,31703,NCI-H520
5743,31703,NCI-H520
2907,4091,NCI-H520
60700,126941,NCI-H520
60700,104842,NCI-H520
2907,5746,NCI-H520
36462,60750,NCI-H520
36314,36462,NCI-H520
31703,36462,NCI-H520
3385,60700,NCI-H520
36462,6710780,NCI-H520
2907,36314,NCI-H520
60750,9887053,NCI-H520
5311497,6710780,NCI-H520
3385,36314,NCI-H520
5746,126941,NCI-H520
36314,426756,NCI-H520
60700,60750,NCI-H520
4091,60700,NCI-H520
3385,5311497,NCI-H520
36462,60700,NCI-H520
4091,36314,NCI-H520
36462,104842,NCI-H520
60750,6710780,NCI-H520
5311497,9887053,NCI-H520
2907,60750,NCI-H520
31703,5311497,NCI-H520
3385,60750,NCI-H520
3385,5743,NCI-H520
104842,126941,NCI-H520
4091,5311497,NCI-H520
104842,5311497,NCI-H520
31703,426756,NCI-H520
4091,60750,NCI-H520
4091,5743,NCI-H520
2907,9887053,NCI-H520
5743,60700,NCI-H520
6710780,9887053,NCI-H520
36314,9887053,NCI-H520
60750,126941,NCI-H520
5746,9887053,NCI-H520
126941,6710780,NCI-H520
36314,6710780,NCI-H520
4091,9887053,NCI-H520
60700,426756,NCI-H520
36314,60750,NCI-H520
31703,104842,NCI-H520
5746,60750,NCI-H520
2907,426756,NCI-H520
5746,5311497,NCI-H520
2907,126941,NCI-H520
36314,126941,NCI-H520
5743,104842,NCI-H520
5746,36314,NCI-H520
5746,60700,NCI-H520
36314,104842,NCI-H520
4091,126941,NCI-H520
2907,31703,NCI-H520
2907,3385,NCI-H520
31703,126941,NCI-H520
36314,60700,NCI-H520
3385,9887053,NCI-H520
3385,36462,NCI-H520
4091,31703,NCI-H520
4091,36462,NCI-H520
2907,5743,NCI-H520
426756,9887053,NCI-H520
2907,104842,NCI-H520
5743,5746,NCI-H520
5743,60750,NCI-H520
4091,6710780,NCI-H520
36462,126941,NCI-H520
3385,31703,NCI-H520
3385,104842,OCUB-M
60750,104842,OCUB-M
31703,6710780,OCUB-M
36314,5311497,OCUB-M
3385,4091,OCUB-M
5746,6710780,OCUB-M
126941,9887053,OCUB-M
31703,36314,OCUB-M
3385,126941,OCUB-M
5743,9887053,OCUB-M
31703,60700,OCUB-M
4091,5746,OCUB-M
5746,36462,OCUB-M
4091,426756,OCUB-M
104842,6710780,OCUB-M
5746,104842,OCUB-M
104842,426756,OCUB-M
3385,426756,OCUB-M
3385,5746,OCUB-M
126941,5311497,OCUB-M
60750,426756,OCUB-M
31703,60750,OCUB-M
5743,5311497,OCUB-M
126941,426756,OCUB-M
60750,5311497,OCUB-M
3385,6710780,OCUB-M
426756,6710780,OCUB-M
36462,426756,OCUB-M
5746,426756,OCUB-M
5743,126941,OCUB-M
60700,9887053,OCUB-M
36462,5311497,OCUB-M
31703,9887053,OCUB-M
2907,60700,OCUB-M
2907,36462,OCUB-M
104842,9887053,OCUB-M
60700,6710780,OCUB-M
4091,104842,OCUB-M
5743,426756,OCUB-M
5743,36462,OCUB-M
2907,5311497,OCUB-M
2907,6710780,OCUB-M
426756,5311497,OCUB-M
60700,5311497,OCUB-M
36462,9887053,OCUB-M
5743,6710780,OCUB-M
5743,36314,OCUB-M
5746,31703,OCUB-M
5743,31703,OCUB-M
2907,4091,OCUB-M
60700,126941,OCUB-M
60700,104842,OCUB-M
2907,5746,OCUB-M
36462,60750,OCUB-M
36314,36462,OCUB-M
31703,36462,OCUB-M
3385,60700,OCUB-M
36462,6710780,OCUB-M
2907,36314,OCUB-M
60750,9887053,OCUB-M
5311497,6710780,OCUB-M
3385,36314,OCUB-M
5746,126941,OCUB-M
36314,426756,OCUB-M
60700,60750,OCUB-M
4091,60700,OCUB-M
3385,5311497,OCUB-M
36462,60700,OCUB-M
4091,36314,OCUB-M
36462,104842,OCUB-M
60750,6710780,OCUB-M
5311497,9887053,OCUB-M
2907,60750,OCUB-M
31703,5311497,OCUB-M
3385,60750,OCUB-M
3385,5743,OCUB-M
104842,126941,OCUB-M
4091,5311497,OCUB-M
104842,5311497,OCUB-M
31703,426756,OCUB-M
4091,60750,OCUB-M
4091,5743,OCUB-M
2907,9887053,OCUB-M
5743,60700,OCUB-M
6710780,9887053,OCUB-M
36314,9887053,OCUB-M
60750,126941,OCUB-M
5746,9887053,OCUB-M
126941,6710780,OCUB-M
36314,6710780,OCUB-M
4091,9887053,OCUB-M
60700,426756,OCUB-M
36314,60750,OCUB-M
31703,104842,OCUB-M
5746,60750,OCUB-M
2907,426756,OCUB-M
5746,5311497,OCUB-M
2907,126941,OCUB-M
36314,126941,OCUB-M
5743,104842,OCUB-M
5746,36314,OCUB-M
5746,60700,OCUB-M
36314,104842,OCUB-M
4091,126941,OCUB-M
2907,31703,OCUB-M
2907,3385,OCUB-M
31703,126941,OCUB-M
36314,60700,OCUB-M
3385,9887053,OCUB-M
3385,36462,OCUB-M
4091,31703,OCUB-M
4091,36462,OCUB-M
2907,5743,OCUB-M
426756,9887053,OCUB-M
2907,104842,OCUB-M
5743,5746,OCUB-M
5743,60750,OCUB-M
4091,6710780,OCUB-M
36462,126941,OCUB-M
3385,31703,OCUB-M
3385,104842,OV-90
60750,104842,OV-90
31703,6710780,OV-90
36314,5311497,OV-90
3385,4091,OV-90
5746,6710780,OV-90
126941,9887053,OV-90
31703,36314,OV-90
3385,126941,OV-90
5743,9887053,OV-90
31703,60700,OV-90
4091,5746,OV-90
5746,36462,OV-90
4091,426756,OV-90
104842,6710780,OV-90
5746,104842,OV-90
104842,426756,OV-90
3385,426756,OV-90
3385,5746,OV-90
126941,5311497,OV-90
60750,426756,OV-90
31703,60750,OV-90
5743,5311497,OV-90
126941,426756,OV-90
60750,5311497,OV-90
3385,6710780,OV-90
426756,6710780,OV-90
36462,426756,OV-90
5746,426756,OV-90
5743,126941,OV-90
60700,9887053,OV-90
36462,5311497,OV-90
31703,9887053,OV-90
2907,60700,OV-90
2907,36462,OV-90
104842,9887053,OV-90
60700,6710780,OV-90
4091,104842,OV-90
5743,426756,OV-90
5743,36462,OV-90
2907,5311497,OV-90
2907,6710780,OV-90
426756,5311497,OV-90
60700,5311497,OV-90
36462,9887053,OV-90
5743,6710780,OV-90
5743,36314,OV-90
5746,31703,OV-90
5743,31703,OV-90
2907,4091,OV-90
60700,126941,OV-90
60700,104842,OV-90
2907,5746,OV-90
36462,60750,OV-90
36314,36462,OV-90
31703,36462,OV-90
3385,60700,OV-90
36462,6710780,OV-90
2907,36314,OV-90
60750,9887053,OV-90
5311497,6710780,OV-90
3385,36314,OV-90
5746,126941,OV-90
36314,426756,OV-90
60700,60750,OV-90
4091,60700,OV-90
3385,5311497,OV-90
36462,60700,OV-90
4091,36314,OV-90
36462,104842,OV-90
60750,6710780,OV-90
5311497,9887053,OV-90
2907,60750,OV-90
31703,5311497,OV-90
3385,60750,OV-90
3385,5743,OV-90
104842,126941,OV-90
4091,5311497,OV-90
104842,5311497,OV-90
31703,426756,OV-90
4091,60750,OV-90
4091,5743,OV-90
2907,9887053,OV-90
5743,60700,OV-90
6710780,9887053,OV-90
36314,9887053,OV-90
60750,126941,OV-90
5746,9887053,OV-90
126941,6710780,OV-90
36314,6710780,OV-90
4091,9887053,OV-90
60700,426756,OV-90
36314,60750,OV-90
31703,104842,OV-90
5746,60750,OV-90
2907,426756,OV-90
5746,5311497,OV-90
2907,126941,OV-90
36314,126941,OV-90
5743,104842,OV-90
5746,36314,OV-90
5746,60700,OV-90
36314,104842,OV-90
4091,126941,OV-90
2907,31703,OV-90
2907,3385,OV-90
31703,126941,OV-90
36314,60700,OV-90
3385,9887053,OV-90
3385,36462,OV-90
4091,31703,OV-90
4091,36462,OV-90
2907,5743,OV-90
426756,9887053,OV-90
2907,104842,OV-90
5743,5746,OV-90
5743,60750,OV-90
4091,6710780,OV-90
36462,126941,OV-90
3385,31703,OV-90
3385,104842,OVCAR-3
60750,104842,OVCAR-3
31703,6710780,OVCAR-3
36314,5311497,OVCAR-3
3385,4091,OVCAR-3
5746,6710780,OVCAR-3
126941,9887053,OVCAR-3
31703,36314,OVCAR-3
3385,126941,OVCAR-3
5743,9887053,OVCAR-3
31703,60700,OVCAR-3
4091,5746,OVCAR-3
5746,36462,OVCAR-3
4091,426756,OVCAR-3
104842,6710780,OVCAR-3
5746,104842,OVCAR-3
104842,426756,OVCAR-3
3385,426756,OVCAR-3
3385,5746,OVCAR-3
126941,5311497,OVCAR-3
60750,426756,OVCAR-3
31703,60750,OVCAR-3
5743,5311497,OVCAR-3
126941,426756,OVCAR-3
60750,5311497,OVCAR-3
3385,6710780,OVCAR-3
426756,6710780,OVCAR-3
36462,426756,OVCAR-3
5746,426756,OVCAR-3
5743,126941,OVCAR-3
60700,9887053,OVCAR-3
36462,5311497,OVCAR-3
31703,9887053,OVCAR-3
2907,60700,OVCAR-3
2907,36462,OVCAR-3
104842,9887053,OVCAR-3
60700,6710780,OVCAR-3
4091,104842,OVCAR-3
5743,426756,OVCAR-3
5743,36462,OVCAR-3
2907,5311497,OVCAR-3
2907,6710780,OVCAR-3
426756,5311497,OVCAR-3
60700,5311497,OVCAR-3
36462,9887053,OVCAR-3
5743,6710780,OVCAR-3
5743,36314,OVCAR-3
5746,31703,OVCAR-3
5743,31703,OVCAR-3
2907,4091,OVCAR-3
60700,126941,OVCAR-3
60700,104842,OVCAR-3
2907,5746,OVCAR-3
36462,60750,OVCAR-3
36314,36462,OVCAR-3
31703,36462,OVCAR-3
3385,60700,OVCAR-3
36462,6710780,OVCAR-3
2907,36314,OVCAR-3
60750,9887053,OVCAR-3
5311497,6710780,OVCAR-3
3385,36314,OVCAR-3
5746,126941,OVCAR-3
36314,426756,OVCAR-3
60700,60750,OVCAR-3
4091,60700,OVCAR-3
3385,5311497,OVCAR-3
36462,60700,OVCAR-3
4091,36314,OVCAR-3
36462,104842,OVCAR-3
60750,6710780,OVCAR-3
5311497,9887053,OVCAR-3
2907,60750,OVCAR-3
31703,5311497,OVCAR-3
3385,60750,OVCAR-3
3385,5743,OVCAR-3
104842,126941,OVCAR-3
4091,5311497,OVCAR-3
104842,5311497,OVCAR-3
31703,426756,OVCAR-3
4091,60750,OVCAR-3
4091,5743,OVCAR-3
2907,9887053,OVCAR-3
5743,60700,OVCAR-3
6710780,9887053,OVCAR-3
36314,9887053,OVCAR-3
60750,126941,OVCAR-3
5746,9887053,OVCAR-3
126941,6710780,OVCAR-3
36314,6710780,OVCAR-3
4091,9887053,OVCAR-3
60700,426756,OVCAR-3
36314,60750,OVCAR-3
31703,104842,OVCAR-3
5746,60750,OVCAR-3
2907,426756,OVCAR-3
5746,5311497,OVCAR-3
2907,126941,OVCAR-3
36314,126941,OVCAR-3
5743,104842,OVCAR-3
5746,36314,OVCAR-3
5746,60700,OVCAR-3
36314,104842,OVCAR-3
4091,126941,OVCAR-3
2907,31703,OVCAR-3
2907,3385,OVCAR-3
31703,126941,OVCAR-3
36314,60700,OVCAR-3
3385,9887053,OVCAR-3
3385,36462,OVCAR-3
4091,31703,OVCAR-3
4091,36462,OVCAR-3
2907,5743,OVCAR-3
426756,9887053,OVCAR-3
2907,104842,OVCAR-3
5743,5746,OVCAR-3
5743,60750,OVCAR-3
4091,6710780,OVCAR-3
36462,126941,OVCAR-3
3385,31703,OVCAR-3
3385,104842,PA-1
60750,104842,PA-1
31703,6710780,PA-1
36314,5311497,PA-1
3385,4091,PA-1
5746,6710780,PA-1
126941,9887053,PA-1
31703,36314,PA-1
3385,126941,PA-1
5743,9887053,PA-1
31703,60700,PA-1
4091,5746,PA-1
5746,36462,PA-1
4091,426756,PA-1
104842,6710780,PA-1
5746,104842,PA-1
104842,426756,PA-1
3385,426756,PA-1
3385,5746,PA-1
126941,5311497,PA-1
60750,426756,PA-1
31703,60750,PA-1
5743,5311497,PA-1
126941,426756,PA-1
60750,5311497,PA-1
3385,6710780,PA-1
426756,6710780,PA-1
36462,426756,PA-1
5746,426756,PA-1
5743,126941,PA-1
60700,9887053,PA-1
36462,5311497,PA-1
31703,9887053,PA-1
2907,60700,PA-1
2907,36462,PA-1
104842,9887053,PA-1
60700,6710780,PA-1
4091,104842,PA-1
5743,426756,PA-1
5743,36462,PA-1
2907,5311497,PA-1
2907,6710780,PA-1
426756,5311497,PA-1
60700,5311497,PA-1
36462,9887053,PA-1
5743,6710780,PA-1
5743,36314,PA-1
5746,31703,PA-1
5743,31703,PA-1
2907,4091,PA-1
60700,126941,PA-1
60700,104842,PA-1
2907,5746,PA-1
36462,60750,PA-1
36314,36462,PA-1
31703,36462,PA-1
3385,60700,PA-1
36462,6710780,PA-1
2907,36314,PA-1
60750,9887053,PA-1
5311497,6710780,PA-1
3385,36314,PA-1
5746,126941,PA-1
36314,426756,PA-1
60700,60750,PA-1
4091,60700,PA-1
3385,5311497,PA-1
36462,60700,PA-1
4091,36314,PA-1
36462,104842,PA-1
60750,6710780,PA-1
5311497,9887053,PA-1
2907,60750,PA-1
31703,5311497,PA-1
3385,60750,PA-1
3385,5743,PA-1
104842,126941,PA-1
4091,5311497,PA-1
104842,5311497,PA-1
31703,426756,PA-1
4091,60750,PA-1
4091,5743,PA-1
2907,9887053,PA-1
5743,60700,PA-1
6710780,9887053,PA-1
36314,9887053,PA-1
60750,126941,PA-1
5746,9887053,PA-1
126941,6710780,PA-1
36314,6710780,PA-1
4091,9887053,PA-1
60700,426756,PA-1
36314,60750,PA-1
31703,104842,PA-1
5746,60750,PA-1
2907,426756,PA-1
5746,5311497,PA-1
2907,126941,PA-1
36314,126941,PA-1
5743,104842,PA-1
5746,36314,PA-1
5746,60700,PA-1
36314,104842,PA-1
4091,126941,PA-1
2907,31703,PA-1
2907,3385,PA-1
31703,126941,PA-1
36314,60700,PA-1
3385,9887053,PA-1
3385,36462,PA-1
4091,31703,PA-1
4091,36462,PA-1
2907,5743,PA-1
426756,9887053,PA-1
2907,104842,PA-1
5743,5746,PA-1
5743,60750,PA-1
4091,6710780,PA-1
36462,126941,PA-1
3385,31703,PA-1
3385,104842,RKO
60750,104842,RKO
31703,6710780,RKO
36314,5311497,RKO
3385,4091,RKO
5746,6710780,RKO
126941,9887053,RKO
31703,36314,RKO
3385,126941,RKO
5743,9887053,RKO
31703,60700,RKO
4091,5746,RKO
5746,36462,RKO
4091,426756,RKO
104842,6710780,RKO
5746,104842,RKO
104842,426756,RKO
3385,426756,RKO
3385,5746,RKO
126941,5311497,RKO
60750,426756,RKO
31703,60750,RKO
5743,5311497,RKO
126941,426756,RKO
60750,5311497,RKO
3385,6710780,RKO
426756,6710780,RKO
36462,426756,RKO
5746,426756,RKO
5743,126941,RKO
60700,9887053,RKO
36462,5311497,RKO
31703,9887053,RKO
2907,60700,RKO
2907,36462,RKO
104842,9887053,RKO
60700,6710780,RKO
4091,104842,RKO
5743,426756,RKO
5743,36462,RKO
2907,5311497,RKO
2907,6710780,RKO
426756,5311497,RKO
60700,5311497,RKO
36462,9887053,RKO
5743,6710780,RKO
5743,36314,RKO
5746,31703,RKO
5743,31703,RKO
2907,4091,RKO
60700,126941,RKO
60700,104842,RKO
2907,5746,RKO
36462,60750,RKO
36314,36462,RKO
31703,36462,RKO
3385,60700,RKO
36462,6710780,RKO
2907,36314,RKO
60750,9887053,RKO
5311497,6710780,RKO
3385,36314,RKO
5746,126941,RKO
36314,426756,RKO
60700,60750,RKO
4091,60700,RKO
3385,5311497,RKO
36462,60700,RKO
4091,36314,RKO
36462,104842,RKO
60750,6710780,RKO
5311497,9887053,RKO
2907,60750,RKO
31703,5311497,RKO
3385,60750,RKO
3385,5743,RKO
104842,126941,RKO
4091,5311497,RKO
104842,5311497,RKO
31703,426756,RKO
4091,60750,RKO
4091,5743,RKO
2907,9887053,RKO
5743,60700,RKO
6710780,9887053,RKO
36314,9887053,RKO
60750,126941,RKO
5746,9887053,RKO
126941,6710780,RKO
36314,6710780,RKO
4091,9887053,RKO
60700,426756,RKO
36314,60750,RKO
31703,104842,RKO
5746,60750,RKO
2907,426756,RKO
5746,5311497,RKO
2907,126941,RKO
36314,126941,RKO
5743,104842,RKO
5746,36314,RKO
5746,60700,RKO
36314,104842,RKO
4091,126941,RKO
2907,31703,RKO
2907,3385,RKO
31703,126941,RKO
36314,60700,RKO
3385,9887053,RKO
3385,36462,RKO
4091,31703,RKO
4091,36462,RKO
2907,5743,RKO
426756,9887053,RKO
2907,104842,RKO
5743,5746,RKO
5743,60750,RKO
4091,6710780,RKO
36462,126941,RKO
3385,31703,RKO
3385,104842,RPMI-7951
60750,104842,RPMI-7951
31703,6710780,RPMI-7951
36314,5311497,RPMI-7951
3385,4091,RPMI-7951
5746,6710780,RPMI-7951
126941,9887053,RPMI-7951
31703,36314,RPMI-7951
3385,126941,RPMI-7951
5743,9887053,RPMI-7951
31703,60700,RPMI-7951
4091,5746,RPMI-7951
5746,36462,RPMI-7951
4091,426756,RPMI-7951
104842,6710780,RPMI-7951
5746,104842,RPMI-7951
104842,426756,RPMI-7951
3385,426756,RPMI-7951
3385,5746,RPMI-7951
126941,5311497,RPMI-7951
60750,426756,RPMI-7951
31703,60750,RPMI-7951
5743,5311497,RPMI-7951
126941,426756,RPMI-7951
60750,5311497,RPMI-7951
3385,6710780,RPMI-7951
426756,6710780,RPMI-7951
36462,426756,RPMI-7951
5746,426756,RPMI-7951
5743,126941,RPMI-7951
60700,9887053,RPMI-7951
36462,5311497,RPMI-7951
31703,9887053,RPMI-7951
2907,60700,RPMI-7951
2907,36462,RPMI-7951
104842,9887053,RPMI-7951
60700,6710780,RPMI-7951
4091,104842,RPMI-7951
5743,426756,RPMI-7951
5743,36462,RPMI-7951
2907,5311497,RPMI-7951
2907,6710780,RPMI-7951
426756,5311497,RPMI-7951
60700,5311497,RPMI-7951
36462,9887053,RPMI-7951
5743,6710780,RPMI-7951
5743,36314,RPMI-7951
5746,31703,RPMI-7951
5743,31703,RPMI-7951
2907,4091,RPMI-7951
60700,126941,RPMI-7951
60700,104842,RPMI-7951
2907,5746,RPMI-7951
36462,60750,RPMI-7951
36314,36462,RPMI-7951
31703,36462,RPMI-7951
3385,60700,RPMI-7951
36462,6710780,RPMI-7951
2907,36314,RPMI-7951
60750,9887053,RPMI-7951
5311497,6710780,RPMI-7951
3385,36314,RPMI-7951
5746,126941,RPMI-7951
36314,426756,RPMI-7951
60700,60750,RPMI-7951
4091,60700,RPMI-7951
3385,5311497,RPMI-7951
36462,60700,RPMI-7951
4091,36314,RPMI-7951
36462,104842,RPMI-7951
60750,6710780,RPMI-7951
5311497,9887053,RPMI-7951
2907,60750,RPMI-7951
31703,5311497,RPMI-7951
3385,60750,RPMI-7951
3385,5743,RPMI-7951
104842,126941,RPMI-7951
4091,5311497,RPMI-7951
104842,5311497,RPMI-7951
31703,426756,RPMI-7951
4091,60750,RPMI-7951
4091,5743,RPMI-7951
2907,9887053,RPMI-7951
5743,60700,RPMI-7951
6710780,9887053,RPMI-7951
36314,9887053,RPMI-7951
60750,126941,RPMI-7951
5746,9887053,RPMI-7951
126941,6710780,RPMI-7951
36314,6710780,RPMI-7951
4091,9887053,RPMI-7951
60700,426756,RPMI-7951
36314,60750,RPMI-7951
31703,104842,RPMI-7951
5746,60750,RPMI-7951
2907,426756,RPMI-7951
5746,5311497,RPMI-7951
2907,126941,RPMI-7951
36314,126941,RPMI-7951
5743,104842,RPMI-7951
5746,36314,RPMI-7951
5746,60700,RPMI-7951
36314,104842,RPMI-7951
4091,126941,RPMI-7951
2907,31703,RPMI-7951
2907,3385,RPMI-7951
31703,126941,RPMI-7951
36314,60700,RPMI-7951
3385,9887053,RPMI-7951
3385,36462,RPMI-7951
4091,31703,RPMI-7951
4091,36462,RPMI-7951
2907,5743,RPMI-7951
426756,9887053,RPMI-7951
2907,104842,RPMI-7951
5743,5746,RPMI-7951
5743,60750,RPMI-7951
4091,6710780,RPMI-7951
36462,126941,RPMI-7951
3385,31703,RPMI-7951
3385,104842,SK-MEL-30
60750,104842,SK-MEL-30
31703,6710780,SK-MEL-30
36314,5311497,SK-MEL-30
3385,4091,SK-MEL-30
5746,6710780,SK-MEL-30
126941,9887053,SK-MEL-30
31703,36314,SK-MEL-30
3385,126941,SK-MEL-30
5743,9887053,SK-MEL-30
31703,60700,SK-MEL-30
4091,5746,SK-MEL-30
5746,36462,SK-MEL-30
4091,426756,SK-MEL-30
104842,6710780,SK-MEL-30
5746,104842,SK-MEL-30
104842,426756,SK-MEL-30
3385,426756,SK-MEL-30
3385,5746,SK-MEL-30
126941,5311497,SK-MEL-30
60750,426756,SK-MEL-30
31703,60750,SK-MEL-30
5743,5311497,SK-MEL-30
126941,426756,SK-MEL-30
60750,5311497,SK-MEL-30
3385,6710780,SK-MEL-30
426756,6710780,SK-MEL-30
36462,426756,SK-MEL-30
5746,426756,SK-MEL-30
5743,126941,SK-MEL-30
60700,9887053,SK-MEL-30
36462,5311497,SK-MEL-30
31703,9887053,SK-MEL-30
2907,60700,SK-MEL-30
2907,36462,SK-MEL-30
104842,9887053,SK-MEL-30
60700,6710780,SK-MEL-30
4091,104842,SK-MEL-30
5743,426756,SK-MEL-30
5743,36462,SK-MEL-30
2907,5311497,SK-MEL-30
2907,6710780,SK-MEL-30
426756,5311497,SK-MEL-30
60700,5311497,SK-MEL-30
36462,9887053,SK-MEL-30
5743,6710780,SK-MEL-30
5743,36314,SK-MEL-30
5746,31703,SK-MEL-30
5743,31703,SK-MEL-30
2907,4091,SK-MEL-30
60700,126941,SK-MEL-30
60700,104842,SK-MEL-30
2907,5746,SK-MEL-30
36462,60750,SK-MEL-30
36314,36462,SK-MEL-30
31703,36462,SK-MEL-30
3385,60700,SK-MEL-30
36462,6710780,SK-MEL-30
2907,36314,SK-MEL-30
60750,9887053,SK-MEL-30
5311497,6710780,SK-MEL-30
3385,36314,SK-MEL-30
5746,126941,SK-MEL-30
36314,426756,SK-MEL-30
60700,60750,SK-MEL-30
4091,60700,SK-MEL-30
3385,5311497,SK-MEL-30
36462,60700,SK-MEL-30
4091,36314,SK-MEL-30
36462,104842,SK-MEL-30
60750,6710780,SK-MEL-30
5311497,9887053,SK-MEL-30
2907,60750,SK-MEL-30
31703,5311497,SK-MEL-30
3385,60750,SK-MEL-30
3385,5743,SK-MEL-30
104842,126941,SK-MEL-30
4091,5311497,SK-MEL-30
104842,5311497,SK-MEL-30
31703,426756,SK-MEL-30
4091,60750,SK-MEL-30
4091,5743,SK-MEL-30
2907,9887053,SK-MEL-30
5743,60700,SK-MEL-30
6710780,9887053,SK-MEL-30
36314,9887053,SK-MEL-30
60750,126941,SK-MEL-30
5746,9887053,SK-MEL-30
126941,6710780,SK-MEL-30
36314,6710780,SK-MEL-30
4091,9887053,SK-MEL-30
60700,426756,SK-MEL-30
36314,60750,SK-MEL-30
31703,104842,SK-MEL-30
5746,60750,SK-MEL-30
2907,426756,SK-MEL-30
5746,5311497,SK-MEL-30
2907,126941,SK-MEL-30
36314,126941,SK-MEL-30
5743,104842,SK-MEL-30
5746,36314,SK-MEL-30
5746,60700,SK-MEL-30
36314,104842,SK-MEL-30
4091,126941,SK-MEL-30
2907,31703,SK-MEL-30
2907,3385,SK-MEL-30
31703,126941,SK-MEL-30
36314,60700,SK-MEL-30
3385,9887053,SK-MEL-30
3385,36462,SK-MEL-30
4091,31703,SK-MEL-30
4091,36462,SK-MEL-30
2907,5743,SK-MEL-30
426756,9887053,SK-MEL-30
2907,104842,SK-MEL-30
5743,5746,SK-MEL-30
5743,60750,SK-MEL-30
4091,6710780,SK-MEL-30
36462,126941,SK-MEL-30
3385,31703,SK-MEL-30
3385,104842,SK-MES-1
60750,104842,SK-MES-1
31703,6710780,SK-MES-1
36314,5311497,SK-MES-1
3385,4091,SK-MES-1
5746,6710780,SK-MES-1
126941,9887053,SK-MES-1
31703,36314,SK-MES-1
3385,126941,SK-MES-1
5743,9887053,SK-MES-1
31703,60700,SK-MES-1
4091,5746,SK-MES-1
5746,36462,SK-MES-1
4091,426756,SK-MES-1
104842,6710780,SK-MES-1
5746,104842,SK-MES-1
104842,426756,SK-MES-1
3385,426756,SK-MES-1
3385,5746,SK-MES-1
126941,5311497,SK-MES-1
60750,426756,SK-MES-1
31703,60750,SK-MES-1
5743,5311497,SK-MES-1
126941,426756,SK-MES-1
60750,5311497,SK-MES-1
3385,6710780,SK-MES-1
426756,6710780,SK-MES-1
36462,426756,SK-MES-1
5746,426756,SK-MES-1
5743,126941,SK-MES-1
60700,9887053,SK-MES-1
36462,5311497,SK-MES-1
31703,9887053,SK-MES-1
2907,60700,SK-MES-1
2907,36462,SK-MES-1
104842,9887053,SK-MES-1
60700,6710780,SK-MES-1
4091,104842,SK-MES-1
5743,426756,SK-MES-1
5743,36462,SK-MES-1
2907,5311497,SK-MES-1
2907,6710780,SK-MES-1
426756,5311497,SK-MES-1
60700,5311497,SK-MES-1
36462,9887053,SK-MES-1
5743,6710780,SK-MES-1
5743,36314,SK-MES-1
5746,31703,SK-MES-1
5743,31703,SK-MES-1
2907,4091,SK-MES-1
60700,126941,SK-MES-1
60700,104842,SK-MES-1
2907,5746,SK-MES-1
36462,60750,SK-MES-1
36314,36462,SK-MES-1
31703,36462,SK-MES-1
3385,60700,SK-MES-1
36462,6710780,SK-MES-1
2907,36314,SK-MES-1
60750,9887053,SK-MES-1
5311497,6710780,SK-MES-1
3385,36314,SK-MES-1
5746,126941,SK-MES-1
36314,426756,SK-MES-1
60700,60750,SK-MES-1
4091,60700,SK-MES-1
3385,5311497,SK-MES-1
36462,60700,SK-MES-1
4091,36314,SK-MES-1
36462,104842,SK-MES-1
60750,6710780,SK-MES-1
5311497,9887053,SK-MES-1
2907,60750,SK-MES-1
31703,5311497,SK-MES-1
3385,60750,SK-MES-1
3385,5743,SK-MES-1
104842,126941,SK-MES-1
4091,5311497,SK-MES-1
104842,5311497,SK-MES-1
31703,426756,SK-MES-1
4091,60750,SK-MES-1
4091,5743,SK-MES-1
2907,9887053,SK-MES-1
5743,60700,SK-MES-1
6710780,9887053,SK-MES-1
36314,9887053,SK-MES-1
60750,126941,SK-MES-1
5746,9887053,SK-MES-1
126941,6710780,SK-MES-1
36314,6710780,SK-MES-1
4091,9887053,SK-MES-1
60700,426756,SK-MES-1
36314,60750,SK-MES-1
31703,104842,SK-MES-1
5746,60750,SK-MES-1
2907,426756,SK-MES-1
5746,5311497,SK-MES-1
2907,126941,SK-MES-1
36314,126941,SK-MES-1
5743,104842,SK-MES-1
5746,36314,SK-MES-1
5746,60700,SK-MES-1
36314,104842,SK-MES-1
4091,126941,SK-MES-1
2907,31703,SK-MES-1
2907,3385,SK-MES-1
31703,126941,SK-MES-1
36314,60700,SK-MES-1
3385,9887053,SK-MES-1
3385,36462,SK-MES-1
4091,31703,SK-MES-1
4091,36462,SK-MES-1
2907,5743,SK-MES-1
426756,9887053,SK-MES-1
2907,104842,SK-MES-1
5743,5746,SK-MES-1
5743,60750,SK-MES-1
4091,6710780,SK-MES-1
36462,126941,SK-MES-1
3385,31703,SK-MES-1
3385,104842,SK-OV-3
60750,104842,SK-OV-3
31703,6710780,SK-OV-3
36314,5311497,SK-OV-3
3385,4091,SK-OV-3
5746,6710780,SK-OV-3
126941,9887053,SK-OV-3
31703,36314,SK-OV-3
3385,126941,SK-OV-3
5743,9887053,SK-OV-3
31703,60700,SK-OV-3
4091,5746,SK-OV-3
5746,36462,SK-OV-3
4091,426756,SK-OV-3
104842,6710780,SK-OV-3
5746,104842,SK-OV-3
104842,426756,SK-OV-3
3385,426756,SK-OV-3
3385,5746,SK-OV-3
126941,5311497,SK-OV-3
60750,426756,SK-OV-3
31703,60750,SK-OV-3
5743,5311497,SK-OV-3
126941,426756,SK-OV-3
60750,5311497,SK-OV-3
3385,6710780,SK-OV-3
426756,6710780,SK-OV-3
36462,426756,SK-OV-3
5746,426756,SK-OV-3
5743,126941,SK-OV-3
60700,9887053,SK-OV-3
36462,5311497,SK-OV-3
31703,9887053,SK-OV-3
2907,60700,SK-OV-3
2907,36462,SK-OV-3
104842,9887053,SK-OV-3
60700,6710780,SK-OV-3
4091,104842,SK-OV-3
5743,426756,SK-OV-3
5743,36462,SK-OV-3
2907,5311497,SK-OV-3
2907,6710780,SK-OV-3
426756,5311497,SK-OV-3
60700,5311497,SK-OV-3
36462,9887053,SK-OV-3
5743,6710780,SK-OV-3
5743,36314,SK-OV-3
5746,31703,SK-OV-3
5743,31703,SK-OV-3
2907,4091,SK-OV-3
60700,126941,SK-OV-3
60700,104842,SK-OV-3
2907,5746,SK-OV-3
36462,60750,SK-OV-3
36314,36462,SK-OV-3
31703,36462,SK-OV-3
3385,60700,SK-OV-3
36462,6710780,SK-OV-3
2907,36314,SK-OV-3
60750,9887053,SK-OV-3
5311497,6710780,SK-OV-3
3385,36314,SK-OV-3
5746,126941,SK-OV-3
36314,426756,SK-OV-3
60700,60750,SK-OV-3
4091,60700,SK-OV-3
3385,5311497,SK-OV-3
36462,60700,SK-OV-3
4091,36314,SK-OV-3
36462,104842,SK-OV-3
60750,6710780,SK-OV-3
5311497,9887053,SK-OV-3
2907,60750,SK-OV-3
31703,5311497,SK-OV-3
3385,60750,SK-OV-3
3385,5743,SK-OV-3
104842,126941,SK-OV-3
4091,5311497,SK-OV-3
104842,5311497,SK-OV-3
31703,426756,SK-OV-3
4091,60750,SK-OV-3
4091,5743,SK-OV-3
2907,9887053,SK-OV-3
5743,60700,SK-OV-3
6710780,9887053,SK-OV-3
36314,9887053,SK-OV-3
60750,126941,SK-OV-3
5746,9887053,SK-OV-3
126941,6710780,SK-OV-3
36314,6710780,SK-OV-3
4091,9887053,SK-OV-3
60700,426756,SK-OV-3
36314,60750,SK-OV-3
31703,104842,SK-OV-3
5746,60750,SK-OV-3
2907,426756,SK-OV-3
5746,5311497,SK-OV-3
2907,126941,SK-OV-3
36314,126941,SK-OV-3
5743,104842,SK-OV-3
5746,36314,SK-OV-3
5746,60700,SK-OV-3
36314,104842,SK-OV-3
4091,126941,SK-OV-3
2907,31703,SK-OV-3
2907,3385,SK-OV-3
31703,126941,SK-OV-3
36314,60700,SK-OV-3
3385,9887053,SK-OV-3
3385,36462,SK-OV-3
4091,31703,SK-OV-3
4091,36462,SK-OV-3
2907,5743,SK-OV-3
426756,9887053,SK-OV-3
2907,104842,SK-OV-3
5743,5746,SK-OV-3
5743,60750,SK-OV-3
4091,6710780,SK-OV-3
36462,126941,SK-OV-3
3385,31703,SK-OV-3
3385,104842,SW620
60750,104842,SW620
31703,6710780,SW620
36314,5311497,SW620
3385,4091,SW620
5746,6710780,SW620
126941,9887053,SW620
31703,36314,SW620
3385,126941,SW620
5743,9887053,SW620
31703,60700,SW620
4091,5746,SW620
5746,36462,SW620
4091,426756,SW620
104842,6710780,SW620
5746,104842,SW620
104842,426756,SW620
3385,426756,SW620
3385,5746,SW620
126941,5311497,SW620
60750,426756,SW620
31703,60750,SW620
5743,5311497,SW620
126941,426756,SW620
60750,5311497,SW620
3385,6710780,SW620
426756,6710780,SW620
36462,426756,SW620
5746,426756,SW620
5743,126941,SW620
60700,9887053,SW620
36462,5311497,SW620
31703,9887053,SW620
2907,60700,SW620
2907,36462,SW620
104842,9887053,SW620
60700,6710780,SW620
4091,104842,SW620
5743,426756,SW620
5743,36462,SW620
2907,5311497,SW620
2907,6710780,SW620
426756,5311497,SW620
60700,5311497,SW620
36462,9887053,SW620
5743,6710780,SW620
5743,36314,SW620
5746,31703,SW620
5743,31703,SW620
2907,4091,SW620
60700,126941,SW620
60700,104842,SW620
2907,5746,SW620
36462,60750,SW620
36314,36462,SW620
31703,36462,SW620
3385,60700,SW620
36462,6710780,SW620
2907,36314,SW620
60750,9887053,SW620
5311497,6710780,SW620
3385,36314,SW620
5746,126941,SW620
36314,426756,SW620
60700,60750,SW620
4091,60700,SW620
3385,5311497,SW620
36462,60700,SW620
4091,36314,SW620
36462,104842,SW620
60750,6710780,SW620
5311497,9887053,SW620
2907,60750,SW620
31703,5311497,SW620
3385,60750,SW620
3385,5743,SW620
104842,126941,SW620
4091,5311497,SW620
104842,5311497,SW620
31703,426756,SW620
4091,60750,SW620
4091,5743,SW620
2907,9887053,SW620
5743,60700,SW620
6710780,9887053,SW620
36314,9887053,SW620
60750,126941,SW620
5746,9887053,SW620
126941,6710780,SW620
36314,6710780,SW620
4091,9887053,SW620
60700,426756,SW620
36314,60750,SW620
31703,104842,SW620
5746,60750,SW620
2907,426756,SW620
5746,5311497,SW620
2907,126941,SW620
36314,126941,SW620
5743,104842,SW620
5746,36314,SW620
5746,60700,SW620
36314,104842,SW620
4091,126941,SW620
2907,31703,SW620
2907,3385,SW620
31703,126941,SW620
36314,60700,SW620
3385,9887053,SW620
3385,36462,SW620
4091,31703,SW620
4091,36462,SW620
2907,5743,SW620
426756,9887053,SW620
2907,104842,SW620
5743,5746,SW620
5743,60750,SW620
4091,6710780,SW620
36462,126941,SW620
3385,31703,SW620
3385,104842,SW837
60750,104842,SW837
31703,6710780,SW837
36314,5311497,SW837
3385,4091,SW837
5746,6710780,SW837
126941,9887053,SW837
31703,36314,SW837
3385,126941,SW837
5743,9887053,SW837
31703,60700,SW837
4091,5746,SW837
5746,36462,SW837
4091,426756,SW837
104842,6710780,SW837
5746,104842,SW837
104842,426756,SW837
3385,426756,SW837
3385,5746,SW837
126941,5311497,SW837
60750,426756,SW837
31703,60750,SW837
5743,5311497,SW837
126941,426756,SW837
60750,5311497,SW837
3385,6710780,SW837
426756,6710780,SW837
36462,426756,SW837
5746,426756,SW837
5743,126941,SW837
60700,9887053,SW837
36462,5311497,SW837
31703,9887053,SW837
2907,60700,SW837
2907,36462,SW837
104842,9887053,SW837
60700,6710780,SW837
4091,104842,SW837
5743,426756,SW837
5743,36462,SW837
2907,5311497,SW837
2907,6710780,SW837
426756,5311497,SW837
60700,5311497,SW837
36462,9887053,SW837
5743,6710780,SW837
5743,36314,SW837
5746,31703,SW837
5743,31703,SW837
2907,4091,SW837
60700,126941,SW837
60700,104842,SW837
2907,5746,SW837
36462,60750,SW837
36314,36462,SW837
31703,36462,SW837
3385,60700,SW837
36462,6710780,SW837
2907,36314,SW837
60750,9887053,SW837
5311497,6710780,SW837
3385,36314,SW837
5746,126941,SW837
36314,426756,SW837
60700,60750,SW837
4091,60700,SW837
3385,5311497,SW837
36462,60700,SW837
4091,36314,SW837
36462,104842,SW837
60750,6710780,SW837
5311497,9887053,SW837
2907,60750,SW837
31703,5311497,SW837
3385,60750,SW837
3385,5743,SW837
104842,126941,SW837
4091,5311497,SW837
104842,5311497,SW837
31703,426756,SW837
4091,60750,SW837
4091,5743,SW837
2907,9887053,SW837
5743,60700,SW837
6710780,9887053,SW837
36314,9887053,SW837
60750,126941,SW837
5746,9887053,SW837
126941,6710780,SW837
36314,6710780,SW837
4091,9887053,SW837
60700,426756,SW837
36314,60750,SW837
31703,104842,SW837
5746,60750,SW837
2907,426756,SW837
5746,5311497,SW837
2907,126941,SW837
36314,126941,SW837
5743,104842,SW837
5746,36314,SW837
5746,60700,SW837
36314,104842,SW837
4091,126941,SW837
2907,31703,SW837
2907,3385,SW837
31703,126941,SW837
36314,60700,SW837
3385,9887053,SW837
3385,36462,SW837
4091,31703,SW837
4091,36462,SW837
2907,5743,SW837
426756,9887053,SW837
2907,104842,SW837
5743,5746,SW837
5743,60750,SW837
4091,6710780,SW837
36462,126941,SW837
3385,31703,SW837
3385,104842,T47D
60750,104842,T47D
31703,6710780,T47D
36314,5311497,T47D
3385,4091,T47D
5746,6710780,T47D
126941,9887053,T47D
31703,36314,T47D
3385,126941,T47D
5743,9887053,T47D
31703,60700,T47D
4091,5746,T47D
5746,36462,T47D
4091,426756,T47D
104842,6710780,T47D
5746,104842,T47D
104842,426756,T47D
3385,426756,T47D
3385,5746,T47D
126941,5311497,T47D
60750,426756,T47D
31703,60750,T47D
5743,5311497,T47D
126941,426756,T47D
60750,5311497,T47D
3385,6710780,T47D
426756,6710780,T47D
36462,426756,T47D
5746,426756,T47D
5743,126941,T47D
60700,9887053,T47D
36462,5311497,T47D
31703,9887053,T47D
2907,60700,T47D
2907,36462,T47D
104842,9887053,T47D
60700,6710780,T47D
4091,104842,T47D
5743,426756,T47D
5743,36462,T47D
2907,5311497,T47D
2907,6710780,T47D
426756,5311497,T47D
60700,5311497,T47D
36462,9887053,T47D
5743,6710780,T47D
5743,36314,T47D
5746,31703,T47D
5743,31703,T47D
2907,4091,T47D
60700,126941,T47D
60700,104842,T47D
2907,5746,T47D
36462,60750,T47D
36314,36462,T47D
31703,36462,T47D
3385,60700,T47D
36462,6710780,T47D
2907,36314,T47D
60750,9887053,T47D
5311497,6710780,T47D
3385,36314,T47D
5746,126941,T47D
36314,426756,T47D
60700,60750,T47D
4091,60700,T47D
3385,5311497,T47D
36462,60700,T47D
4091,36314,T47D
36462,104842,T47D
60750,6710780,T47D
5311497,9887053,T47D
2907,60750,T47D
31703,5311497,T47D
3385,60750,T47D
3385,5743,T47D
104842,126941,T47D
4091,5311497,T47D
104842,5311497,T47D
31703,426756,T47D
4091,60750,T47D
4091,5743,T47D
2907,9887053,T47D
5743,60700,T47D
6710780,9887053,T47D
36314,9887053,T47D
60750,126941,T47D
5746,9887053,T47D
126941,6710780,T47D
36314,6710780,T47D
4091,9887053,T47D
60700,426756,T47D
36314,60750,T47D
31703,104842,T47D
5746,60750,T47D
2907,426756,T47D
5746,5311497,T47D
2907,126941,T47D
36314,126941,T47D
5743,104842,T47D
5746,36314,T47D
5746,60700,T47D
36314,104842,T47D
4091,126941,T47D
2907,31703,T47D
2907,3385,T47D
31703,126941,T47D
36314,60700,T47D
3385,9887053,T47D
3385,36462,T47D
4091,31703,T47D
4091,36462,T47D
2907,5743,T47D
426756,9887053,T47D
2907,104842,T47D
5743,5746,T47D
5743,60750,T47D
4091,6710780,T47D
36462,126941,T47D
3385,31703,T47D
3385,104842,UACC-62
60750,104842,UACC-62
31703,6710780,UACC-62
36314,5311497,UACC-62
3385,4091,UACC-62
5746,6710780,UACC-62
126941,9887053,UACC-62
31703,36314,UACC-62
3385,126941,UACC-62
5743,9887053,UACC-62
31703,60700,UACC-62
4091,5746,UACC-62
5746,36462,UACC-62
4091,426756,UACC-62
104842,6710780,UACC-62
5746,104842,UACC-62
104842,426756,UACC-62
3385,426756,UACC-62
3385,5746,UACC-62
126941,5311497,UACC-62
60750,426756,UACC-62
31703,60750,UACC-62
5743,5311497,UACC-62
126941,426756,UACC-62
60750,5311497,UACC-62
3385,6710780,UACC-62
426756,6710780,UACC-62
36462,426756,UACC-62
5746,426756,UACC-62
5743,126941,UACC-62
60700,9887053,UACC-62
36462,5311497,UACC-62
31703,9887053,UACC-62
2907,60700,UACC-62
2907,36462,UACC-62
104842,9887053,UACC-62
60700,6710780,UACC-62
4091,104842,UACC-62
5743,426756,UACC-62
5743,36462,UACC-62
2907,5311497,UACC-62
2907,6710780,UACC-62
426756,5311497,UACC-62
60700,5311497,UACC-62
36462,9887053,UACC-62
5743,6710780,UACC-62
5743,36314,UACC-62
5746,31703,UACC-62
5743,31703,UACC-62
2907,4091,UACC-62
60700,126941,UACC-62
60700,104842,UACC-62
2907,5746,UACC-62
36462,60750,UACC-62
36314,36462,UACC-62
31703,36462,UACC-62
3385,60700,UACC-62
36462,6710780,UACC-62
2907,36314,UACC-62
60750,9887053,UACC-62
5311497,6710780,UACC-62
3385,36314,UACC-62
5746,126941,UACC-62
36314,426756,UACC-62
60700,60750,UACC-62
4091,60700,UACC-62
3385,5311497,UACC-62
36462,60700,UACC-62
4091,36314,UACC-62
36462,104842,UACC-62
60750,6710780,UACC-62
5311497,9887053,UACC-62
2907,60750,UACC-62
31703,5311497,UACC-62
3385,60750,UACC-62
3385,5743,UACC-62
104842,126941,UACC-62
4091,5311497,UACC-62
104842,5311497,UACC-62
31703,426756,UACC-62
4091,60750,UACC-62
4091,5743,UACC-62
2907,9887053,UACC-62
5743,60700,UACC-62
6710780,9887053,UACC-62
36314,9887053,UACC-62
60750,126941,UACC-62
5746,9887053,UACC-62
126941,6710780,UACC-62
36314,6710780,UACC-62
4091,9887053,UACC-62
60700,426756,UACC-62
36314,60750,UACC-62
31703,104842,UACC-62
5746,60750,UACC-62
2907,426756,UACC-62
5746,5311497,UACC-62
2907,126941,UACC-62
36314,126941,UACC-62
5743,104842,UACC-62
5746,36314,UACC-62
5746,60700,UACC-62
36314,104842,UACC-62
4091,126941,UACC-62
2907,31703,UACC-62
2907,3385,UACC-62
31703,126941,UACC-62
36314,60700,UACC-62
3385,9887053,UACC-62
3385,36462,UACC-62
4091,31703,UACC-62
4091,36462,UACC-62
2907,5743,UACC-62
426756,9887053,UACC-62
2907,104842,UACC-62
5743,5746,UACC-62
5743,60750,UACC-62
4091,6710780,UACC-62
36462,126941,UACC-62
3385,31703,UACC-62
3385,104842,VCAP
60750,104842,VCAP
31703,6710780,VCAP
36314,5311497,VCAP
3385,4091,VCAP
5746,6710780,VCAP
126941,9887053,VCAP
31703,36314,VCAP
3385,126941,VCAP
5743,9887053,VCAP
31703,60700,VCAP
4091,5746,VCAP
5746,36462,VCAP
4091,426756,VCAP
104842,6710780,VCAP
5746,104842,VCAP
104842,426756,VCAP
3385,426756,VCAP
3385,5746,VCAP
126941,5311497,VCAP
60750,426756,VCAP
31703,60750,VCAP
5743,5311497,VCAP
126941,426756,VCAP
60750,5311497,VCAP
3385,6710780,VCAP
426756,6710780,VCAP
36462,426756,VCAP
5746,426756,VCAP
5743,126941,VCAP
60700,9887053,VCAP
36462,5311497,VCAP
31703,9887053,VCAP
2907,60700,VCAP
2907,36462,VCAP
104842,9887053,VCAP
60700,6710780,VCAP
4091,104842,VCAP
5743,426756,VCAP
5743,36462,VCAP
2907,5311497,VCAP
2907,6710780,VCAP
426756,5311497,VCAP
60700,5311497,VCAP
36462,9887053,VCAP
5743,6710780,VCAP
5743,36314,VCAP
5746,31703,VCAP
5743,31703,VCAP
2907,4091,VCAP
60700,126941,VCAP
60700,104842,VCAP
2907,5746,VCAP
36462,60750,VCAP
36314,36462,VCAP
31703,36462,VCAP
3385,60700,VCAP
36462,6710780,VCAP
2907,36314,VCAP
60750,9887053,VCAP
5311497,6710780,VCAP
3385,36314,VCAP
5746,126941,VCAP
36314,426756,VCAP
60700,60750,VCAP
4091,60700,VCAP
3385,5311497,VCAP
36462,60700,VCAP
4091,36314,VCAP
36462,104842,VCAP
60750,6710780,VCAP
5311497,9887053,VCAP
2907,60750,VCAP
31703,5311497,VCAP
3385,60750,VCAP
3385,5743,VCAP
104842,126941,VCAP
4091,5311497,VCAP
104842,5311497,VCAP
31703,426756,VCAP
4091,60750,VCAP
4091,5743,VCAP
2907,9887053,VCAP
5743,60700,VCAP
6710780,9887053,VCAP
36314,9887053,VCAP
60750,126941,VCAP
5746,9887053,VCAP
126941,6710780,VCAP
36314,6710780,VCAP
4091,9887053,VCAP
60700,426756,VCAP
36314,60750,VCAP
31703,104842,VCAP
5746,60750,VCAP
2907,426756,VCAP
5746,5311497,VCAP
2907,126941,VCAP
36314,126941,VCAP
5743,104842,VCAP
5746,36314,VCAP
5746,60700,VCAP
36314,104842,VCAP
4091,126941,VCAP
2907,31703,VCAP
2907,3385,VCAP
31703,126941,VCAP
36314,60700,VCAP
3385,9887053,VCAP
3385,36462,VCAP
4091,31703,VCAP
4091,36462,VCAP
2907,5743,VCAP
426756,9887053,VCAP
2907,104842,VCAP
5743,5746,VCAP
5743,60750,VCAP
4091,6710780,VCAP
36462,126941,VCAP
3385,31703,VCAP
