Cellline,RHEB,TIPIN,OR4A47,NUP133,CPNE8-AS1,PDIA4,RNU6-899P,NRXN1-DT,SMIM41,RPS12P2,IGHJ2,SLC2A3P2,CES4A,TCTE1,TAX1BP1,RPL32P26,PNCK,CNOT10-AS1,OR3A2,COL6A2,ZNF296,RNU7-179P,PTS,PIGFP2,SPSB3,CFAP90,DPF3,C19orf33,OR13C2,PDE4B-AS1,SBNO1-AS1,RNU6ATAC30P,SELENOS,LINC01535,SYT2,CHRM4,RNU6-1017P,LSP1P1,LINC02957,TMC5,DSG4,MTND2P4,PPP1R15B,LINC00355,IFI35,LINGO3,MTND6P32,PRKAR1B-AS1,TMEM274P,ZNF574,SNRPEP5,DUSP1,LINC01091,RNU6-1174P,RN7SL237P,ZCCHC18,NDP,MIR1537,RNA5SP324,CFAP418,OXCT1-AS1,OR10AG1,CPDP1,SCRG1,SLC25A15,MTMR2,SYN1,RNU6-892P,MIR1266,INTS6P1,WIPI2,VPS26C,RN7SL321P,TM4SF5,RN7SL273P,ENO1,USP53,DDA1,NDUFA3,CACNA2D2,SRSF3P6,POMT2,MIR4694,H2AC4,RBM14,LINC00934,IQCH,RCC2P4,CPA1,MIR6852,UQCRB,EEF1A1P12,LILRB2,TERF1P4,GSG1,MARK2,RAB26,PARVA,KIF24,NAA60
786-0,1.383373404,0.902012227,0.874936666,1.076842357,1.027376416,1.383373404,0.874936666,1.06930985,1.027376416,1.084211281,0.664460869,1.076842357,1.043571725,0.883258484,1.088897121,1.027376416,0.844165993,0.87922732,0.842050121,1.055906436,0.833705138,1.04823895,0.874936666,1.229920517,1.048351022,1.401251304,0.664460869,0.833705138,1.229319416,1.076842357,0.989069722,0.674404924,0.902012227,0.833705138,1.076842357,0.874936666,0.989069722,0.873280799,1.229319416,1.043571725,0.868305633,1.329463059,1.076842357,0.873280799,0.884472871,1.016800194,0.628939199,0.865919002,1.04823895,0.833705138,1.06930985,1.068217256,0.882686753,1.077945622,1.227351653,0.628939199,0.628939199,1.076842357,1.084211281,1.39550538,1.412815656,0.874936666,0.884472871,0.888863143,0.873280799,0.874936666,0.628939199,0.63938226,0.902012227,1.44186035,1.088897121,1.05203585,0.87922732,0.842050121,0.883258484,1.04823895,0.886829044,1.016800194,0.833705138,0.87922732,1.06930985,0.664460869,0.874936666,0.883258484,0.874936666,0.989069722,0.902012227,1.077945622,1.408501665,0.88100059,1.39550538,1.06930985,0.833705138,0.628939199,1.027376416,0.874936666,1.048351022,0.874936666,0.88100059,1.048351022
A498,1.457641576,0.985094801,1.084006294,1.21394051,0.929380274,1.457641576,0.756839427,1.082180524,0.929380274,1.096345125,0.699045761,0.897174038,1.01283156,0.882910561,1.457641576,0.929380274,0.885525156,0.658426416,1.115835644,1.12653429,1.11087622,0.653453817,0.648471852,1.085588747,1.095097888,1.170751805,0.681506418,1.11087622,1.085588747,0.897174038,0.925837947,0.695467687,0.985094801,1.11087622,1.21394051,1.084006294,0.925837947,0.802967778,1.085588747,1.095097888,0.660253606,1.457641576,1.21394051,0.898071777,1.115835644,1.11087622,0.885525156,1.457641576,0.661158222,1.11087622,1.082180524,1.083233073,0.897225902,0.89693188,1.091968547,0.885525156,0.885525156,1.21394051,1.098678788,1.384402252,1.111481514,0.756839427,1.115835644,0.897225902,0.898071777,0.648471852,0.885525156,0.674444506,0.985094801,1.170751805,1.457641576,1.12653429,0.658426416,1.115835644,0.882910561,0.661158222,0.897225902,1.11087622,1.11087622,0.658426416,1.083799749,0.699045761,1.084006294,1.045692417,0.756839427,0.925837947,0.985094801,0.89693188,1.457641576,1.104610617,1.384402252,1.083799749,1.11087622,0.885525156,0.929380274,0.756839427,1.095097888,1.084006294,1.104610617,1.095097888
A549,1.078014568,1.17801523,1.117048954,1.089623217,1.105615599,1.078014568,1.130912627,1.098509285,1.105615599,1.086615474,1.086995966,0.812766033,1.088579754,0.797869903,1.115525991,1.101876491,0.831836915,1.11700476,1.045705307,0.79493009,1.098959199,0.791689212,0.806963921,1.034135523,1.058501025,1.125106214,1.086995966,1.350894681,1.059475564,0.812766033,1.094309808,1.119463623,1.422438475,1.350894681,1.04689111,1.117048954,1.094309808,1.014854697,0.793458155,1.076747165,0.851335988,1.107359436,1.04689111,1.014854697,1.283989701,0.813135215,0.831836915,1.069628141,0.795948559,1.350894681,1.084739717,1.102012156,0.839095965,0.82395543,1.109442006,0.831836915,0.849276769,1.089623217,1.086615474,1.089621097,1.125106214,1.130912627,1.302634109,0.839095965,1.014854697,0.842647621,0.849276769,1.102984565,1.429627316,1.125106214,1.115525991,0.79493009,0.813635553,1.045705307,0.797869903,0.795948559,0.839095965,0.79742905,1.098959199,0.813635553,1.110649627,1.086995966,1.133143535,0.797869903,1.079504218,1.094309808,1.17801523,0.82395543,1.107359436,1.348176361,1.089621097,1.085399977,1.002084504,0.831836915,1.114702861,1.079504218,1.058501025,1.133143535,1.348176361,1.058501025
ACHN,1.52119391,0.94589568,0.980223435,1.286114777,1.590811747,1.52119391,0.952460525,1.312345521,1.486731572,1.322734345,0.959472241,0.997269589,1.427361012,0.937860214,1.573114294,1.558057519,0.602208303,0.926347194,1.20138483,0.939700814,0.905768331,0.921702228,0.984924103,0.920183387,1.448316091,1.014449645,0.959472241,0.905768331,0.976618594,0.997269589,1.498334551,0.990653473,0.94589568,0.905768331,1.286114777,0.980223435,1.498334551,0.970677676,0.945914434,1.448316091,0.99966004,1.467159359,1.286114777,0.970677676,1.224119768,0.900846899,0.602208303,1.500331566,0.921702228,0.905768331,1.288545007,0.936292371,0.993485276,0.979491868,0.929366027,0.602208303,0.585055507,1.286114777,1.251274553,0.990215904,0.988966516,0.952460525,1.208882239,0.993485276,0.970677676,1.014750645,0.585055507,0.979604733,0.960540835,0.988966516,1.500331566,0.939700814,0.937700574,1.20138483,0.937860214,0.921702228,0.993485276,0.900846899,0.905768331,0.937700574,1.292607816,0.959472241,0.998765029,0.937860214,0.952460525,1.498334551,0.94589568,0.979491868,1.509007951,0.995524962,0.990215904,1.292607816,0.905768331,0.602208303,1.564074842,0.952460525,1.448316091,0.998765029,0.995524962,1.448316091
BT-549,1.145996024,0.807246284,1.030062841,1.048822123,0.870082786,1.145996024,1.023164535,0.84781874,0.870082786,1.175084529,0.89900448,1.089863908,1.04929957,1.022745523,1.315786538,0.870082786,1.215322894,1.063050248,1.173366559,0.874317039,0.999923502,1.214870905,1.023164535,1.033849002,0.863021571,1.410565047,0.89900448,0.999923502,1.072932612,1.089863908,0.84221019,0.89900448,0.833523881,0.999923502,1.070095747,1.030062841,0.84221019,1.071072248,1.156124308,0.863021571,1.000704172,1.123804869,1.070095747,0.879264284,0.806182772,0.835014737,0.665775431,1.289408105,1.214870905,0.999923502,0.855460939,1.358733296,0.87401348,1.046587222,1.461333202,0.665775431,0.657219533,1.048822123,1.175084529,1.517101697,1.393071719,1.023164535,0.789582612,0.85432264,0.891760623,1.023164535,0.657219533,1.491527675,0.807246284,1.393071719,1.289408105,0.874317039,0.997081458,1.173366559,1.022745523,1.214870905,0.87401348,1.009826237,0.981913809,1.063086224,0.865915392,0.89900448,0.833488774,1.022745523,1.023164535,0.84221019,0.807246284,1.046587222,1.164263865,1.311772754,1.517101697,0.865915392,0.981913809,0.665775431,0.879768662,1.023164535,0.863021571,0.833488774,1.311772754,0.863021571
CAKI-1,1.352570822,0.881565585,1.108264745,1.474272332,1.140229991,1.347133415,1.093152837,1.022437816,1.083553091,1.201171783,0.728257139,0.980744244,1.248368362,0.841018609,1.099837526,1.083553091,0.77652058,0.785959018,0.840217996,0.852633338,0.883242916,0.981713384,0.873284432,0.857230052,1.007865324,1.259182937,0.727639404,0.883242916,0.872270407,0.980744244,1.107317104,0.727639404,0.897120787,0.883242916,1.444515152,1.108264745,1.107317104,0.829435591,0.872270407,1.007865324,0.746448538,1.134978056,1.444515152,0.954733225,1.071419721,0.745032575,0.77652058,1.128607557,0.981713384,0.883242916,1.022437816,1.206684856,1.081829652,1.195211243,1.132725733,0.77652058,0.758629396,1.495285081,1.201171783,1.294506539,1.223108269,1.093152837,1.047948221,1.081829652,0.954733225,0.873284432,0.758629396,0.969295848,0.758122027,1.119083152,1.128607557,0.852633338,0.785959018,0.840217996,0.841018609,0.981713384,1.081829652,0.86729492,0.883242916,0.785959018,1.02223322,0.727639404,1.111590029,0.841018609,1.093152837,1.107317104,0.881565585,1.195211243,1.348919105,0.881035323,1.294506539,1.02223322,0.867795649,0.77652058,1.078065622,1.093152837,1.007865324,1.111590029,0.881035323,1.007865324
CCRF-CEM,0.990604793,0.97634713,0.976421384,1.000831239,1.005540097,0.990604793,0.976421384,1.001015857,1.005540097,0.995853476,1.33040974,1.000831239,1.011746938,1.04628391,0.984084765,1.005540097,0.85505038,0.995961169,1.016562493,1.001043877,1.01814823,1.003185509,0.976421384,1.01583041,1.011746938,0.972461945,0.983459914,1.021329377,1.003566899,1.000831239,1.005540097,0.980430059,0.97634713,1.021329377,1.000831239,0.976421384,1.005540097,0.995291708,1.003566899,1.011746938,0.986734058,0.984355257,1.000831239,0.995291708,1.016562493,1.021329377,0.85505038,0.984084765,1.003185509,1.021329377,0.988083128,0.972461945,0.985393201,0.995961169,1.304788304,0.85505038,0.85505038,1.000831239,0.996484793,0.97539693,0.972461945,0.976421384,1.016562493,0.985393201,0.995291708,0.976421384,0.85505038,0.97539693,0.97634713,0.972461945,0.984084765,1.001043877,0.995961169,1.016562493,1.04628391,1.003185509,0.985393201,1.021329377,1.01814823,0.995961169,0.997200721,0.983459914,0.980774828,1.150089793,0.976421384,1.005540097,0.97634713,0.995961169,0.984355257,1.003566899,0.97539693,0.997200721,1.01814823,0.85505038,1.005540097,0.976421384,1.011746938,0.980774828,1.003566899,1.011746938
COLO-205,0.972397218,1.147355895,0.95253398,1.172584685,0.954010712,0.972397218,0.95253398,0.971987353,0.947545197,0.963131476,1.10482462,0.96023266,1.025226771,0.721121441,0.953719493,0.947545197,0.619808375,0.697213548,1.036818652,0.921493098,0.983755003,0.96023266,0.916590896,1.104994236,0.97567165,1.039849081,0.978331213,0.975166974,1.104994236,0.96023266,1.151513322,0.978331213,1.147355895,0.975166974,1.172584685,0.95253398,1.151513322,1.803528316,0.944850147,0.97567165,0.705535936,0.953719493,1.172584685,1.803528316,1.175512465,0.696462717,0.629932026,0.953719493,0.96023266,0.983755003,0.971987353,1.131138141,0.952452793,1.155686092,1.29727096,0.629932026,0.629932026,1.172584685,0.963131476,1.086754642,1.039849081,0.95253398,1.04982576,0.952452793,1.803528316,0.916590896,0.629932026,0.668334684,1.147355895,1.039849081,0.953719493,0.941833038,0.697213548,1.036818652,0.720270173,0.96282369,0.952452793,0.955696854,0.983755003,0.697213548,0.971987353,0.978331213,0.95253398,1.08920872,0.916590896,1.151513322,1.147355895,1.155686092,0.965357674,0.965089384,1.086754642,0.971987353,0.983755003,0.629932026,0.954010712,0.95253398,0.97567165,0.95253398,0.965089384,0.97567165
DU-145,1.011144212,1.117641919,0.823248168,1.094644244,1.122246623,1.011144212,1.083276372,1.096235475,1.093540706,1.093993513,1.213999108,0.835601958,1.048697619,1.12150343,1.126309381,1.116499839,0.48479149,0.847671661,1.063501829,1.219457236,0.772857251,0.787837415,1.066347262,1.108721606,0.796101223,1.340026141,1.244832784,1.046876663,1.115753782,0.835601958,1.053308393,2.011554479,1.117641919,1.046876663,1.094644244,0.823248168,1.053308393,0.818492205,1.094509185,0.796101223,1.276227361,0.994525925,1.094644244,0.828814867,1.076640936,1.039983142,0.48479149,1.06676007,0.787837415,1.065514137,1.079712848,1.055044089,0.839683095,0.847214992,1.069666885,0.48479149,0.484088979,1.094644244,1.093993513,1.208966215,1.552625125,1.083276372,1.055695735,0.476847398,0.838654162,1.105802427,0.484088979,1.056944793,1.117641919,1.552625125,1.06676007,1.219457236,0.847671661,1.063501829,1.088997271,0.787837415,0.839683095,0.772741959,0.763642065,0.847671661,0.835559753,1.244832784,0.823248168,1.088997271,1.083276372,1.053308393,1.117641919,0.847214992,1.046261216,1.321873795,1.208966215,0.835559753,0.763642065,0.482117246,0.825313799,1.083276372,0.796101223,0.823248168,1.321873795,0.796101223
EKVX,1.037213404,1.256907166,1.022492142,1.033830585,0.847860512,1.037213404,0.784157369,0.890515051,0.847860512,1.054439382,1.062023984,1.046512936,1.046142591,0.794458696,1.282448557,0.847860512,0.550860158,1.087326787,1.023485603,0.818456269,1.016778446,0.780239192,1.043704054,0.785502122,0.778087618,1.240499909,1.045518158,1.016778446,0.785502122,1.065882329,0.8266952,1.02734789,1.489349344,1.016778446,1.434866196,1.022492142,1.226986178,0.769931292,0.785502122,1.022178903,1.489332605,1.252798013,1.434866196,0.57261537,0.979996628,1.073998004,0.550860158,1.282448557,0.780239192,1.016778446,0.885539376,1.042228491,1.047561011,0.789944312,1.056914151,0.550860158,0.763001121,1.046725486,1.036287692,1.279017518,1.306853529,0.791995447,0.979996628,1.040705015,0.769931292,1.2784238,0.763001121,0.808457125,1.250139966,1.306853529,1.282448557,0.818456269,0.789944312,1.023485603,0.794458696,0.780239192,1.034310019,0.762232937,1.162199352,0.789944312,1.033092032,1.045518158,1.026928722,0.794458696,1.693762374,0.8266952,1.256907166,0.789944312,1.056832617,0.805433416,1.279017518,1.017705834,1.162199352,0.763001121,1.056909477,1.084490274,0.778087618,1.026928722,0.805433416,0.778087618
HCC2998,1.256769341,0.999617051,0.975418552,0.98866141,0.994056792,1.256769341,0.975418552,0.993820292,1.000128506,0.984841977,0.990293375,0.98866141,0.996035462,1.03779598,1.298049851,1.000128506,0.827413821,0.983156487,0.995494557,0.983891942,0.997330474,0.98866141,1.192629846,0.984326574,0.996035462,0.970250695,0.990293375,0.997330474,0.984326574,0.98866141,1.000128506,0.990293375,0.992080855,0.997330474,0.98866141,0.975418552,1.000128506,1.276944955,0.984326574,0.996035462,0.966316631,1.298049851,0.98866141,1.276944955,0.995494557,0.997330474,0.827413821,1.298049851,0.998020859,0.997330474,0.993820292,0.970250695,0.982640218,0.983156487,0.976948651,0.827413821,0.827413821,0.98866141,0.984841977,0.967204933,0.970250695,0.975418552,0.995494557,0.982640218,1.276944955,1.192629846,0.827413821,0.967204933,0.999617051,0.970250695,1.298049851,0.983891942,0.983156487,0.995494557,1.03779598,0.998020859,0.982640218,0.997330474,0.997330474,0.983156487,0.990897895,0.990293375,0.975418552,1.149411412,0.975418552,1.000128506,0.999617051,0.983156487,1.256769341,0.984326574,0.967204933,0.990897895,0.997330474,0.827413821,0.994056792,0.975418552,0.996035462,0.975418552,0.984326574,0.996035462
HCT-116,0.991730338,0.99360872,0.992371774,0.981573202,0.997140839,0.991730338,0.992371774,0.987485255,0.997140839,0.987608676,0.99337528,0.995174099,0.984689612,0.988455066,0.991730338,0.997140839,0.5858664,0.994411367,0.985174962,0.968922116,0.966175552,0.995174099,0.992371774,0.988345954,0.992694093,0.976676631,0.99337528,0.966175552,0.988345954,0.995174099,0.993478805,0.99337528,0.990892927,0.966175552,0.981573202,0.992371774,0.993478805,0.981702031,0.988345954,0.984522919,0.986171417,0.991730338,0.981573202,0.981702031,0.993787434,0.973132435,0.579814315,0.981221822,0.995174099,0.966175552,0.987485255,0.991525537,0.992888116,0.994839762,0.995043045,0.579814315,0.579814315,0.981573202,0.987608676,1.305263937,0.990985341,0.992371774,0.985174962,0.992888116,0.981702031,0.992371774,0.579814315,0.986211032,0.99360872,0.990985341,0.981221822,0.968922116,0.994411367,0.985174962,0.988455066,0.995174099,0.992888116,0.973132435,0.966175552,0.994411367,0.987166097,0.99337528,0.992371774,0.988455066,0.992371774,0.993478805,0.990892927,0.994839762,0.991730338,0.988231396,1.305263937,0.987166097,0.966175552,0.579814315,0.997140839,0.992371774,0.992694093,0.992371774,0.988231396,0.992694093
HCT-15,1.007136564,1.005201844,0.99509686,0.999143255,1.000974829,1.007136564,0.99509686,1.004260773,1.000974829,0.999609553,0.986492333,1.003904269,0.990649499,0.99702657,0.998881934,1.000974829,0.567443639,0.996265845,0.998325473,0.992849309,0.969755815,1.000149508,0.99509686,0.996024493,0.994125509,0.98172375,1.00860501,0.969755815,0.996024493,1.003904269,1.000974829,1.00860501,1.005201844,0.969755815,0.999143255,0.99509686,1.000974829,0.991195531,0.996024493,0.994125509,0.9981407,0.998881934,0.999143255,0.991195531,0.998325473,0.969755815,0.573573935,0.998881934,0.995307157,0.969755815,1.001320604,0.988775011,0.990655957,0.996265845,1.00198987,0.573573935,0.589496006,0.999143255,0.999609553,0.994359569,0.98172375,0.99509686,0.998325473,0.989713932,0.991195531,0.99509686,0.589496006,0.994359569,1.005201844,0.98172375,0.998881934,0.992849309,0.996265845,0.998325473,0.99702657,0.995307157,0.990655957,0.969755815,0.969755815,0.996265845,0.997758744,1.00860501,0.99509686,0.99702657,0.99509686,1.000974829,1.005201844,0.996265845,1.007136564,1.006340371,0.994359569,0.997758744,0.969755815,0.573573935,1.000974829,0.99509686,0.994125509,0.99509686,1.006340371,0.994125509
HL-60,1.011183513,0.988184285,0.984489286,1.023411426,0.999716528,1.011183513,0.984489286,1.003821548,0.999716528,1.007605944,1.0105508,1.011689477,1.060641752,1.004336498,1.011183513,0.999716528,0.548741463,1.011177467,0.6415551,1.01179432,1.028104014,1.011689477,0.984489286,1.03268455,1.012252592,0.974847162,0.589509088,1.028104014,1.00947944,1.011689477,0.999716528,1.006576421,0.988184285,1.028104014,1.023411426,0.984489286,0.999716528,1.020653756,1.018390238,1.012252592,1.330282047,1.011183513,1.023411426,1.020653756,1.011974788,1.028104014,0.548741463,1.011183513,1.011689477,1.028104014,1.003821548,0.984865229,1.006573407,1.011177467,0.984301847,0.548741463,0.548741463,1.023411426,1.007605944,0.937940998,0.974847162,0.984489286,1.011974788,1.006573407,1.020653756,0.984489286,0.548741463,0.937940998,0.988184285,0.974847162,1.011183513,1.01179432,1.011177467,0.6415551,1.004336498,1.011689477,1.006573407,1.028104014,1.028104014,1.011177467,1.000836242,0.589509088,0.984489286,1.104426597,0.984489286,0.999716528,0.988184285,1.011177467,1.011183513,1.018390238,0.937940998,1.000836242,1.028104014,0.548741463,0.999716528,0.984489286,1.012252592,0.984489286,1.018390238,1.012252592
HOP-62,0.950559312,0.876864411,0.939970805,1.050731763,0.852120736,0.950559312,0.939970805,1.050838325,0.852120736,1.087387136,1.604206777,1.045445471,1.243755605,1.181297788,1.007460189,1.006277599,0.713237076,1.231211679,0.964673393,1.053386634,2.177277289,1.045445471,0.744839391,0.888439133,0.803927295,1.150924534,0.98409416,1.488253781,0.888439133,1.045445471,1.006277599,0.98409416,0.99710042,1.488253781,1.050731763,0.939970805,1.006277599,0.865368089,0.888439133,0.803927295,1.256831565,0.950559312,1.050731763,0.865368089,1.1121585,0.787823529,0.713237076,1.007460189,1.046074515,1.292899587,1.050838325,1.083164431,0.925010314,1.064672057,0.86541771,0.713237076,0.474810258,1.050731763,1.087387136,1.168857487,1.150924534,0.939970805,1.121191116,0.925010314,0.865368089,0.744839391,0.474810258,0.686628813,0.876864411,1.150924534,1.007460189,1.053386634,1.064672057,0.964673393,1.181297788,1.046074515,0.925010314,0.787823529,0.79691198,1.064672057,1.010053285,0.98409416,0.939970805,1.28180322,1.056177381,1.006277599,0.876864411,1.064672057,0.950559312,0.888439133,1.168857487,1.010053285,0.79691198,0.713237076,1.174554207,0.745984128,0.803927295,0.939970805,0.888439133,0.803927295
HOP-92,1.883811692,0.833123288,1.075914351,1.355422408,0.870091844,1.883811692,1.075914351,0.970190477,0.984924103,1.404034942,0.617251612,1.012479008,0.994351103,0.904428105,1.480662553,0.977806378,0.699881393,1.009661637,0.827456158,0.840102344,1.015014829,1.021573934,0.859551586,0.949672162,0.803122728,1.286408001,1.075064634,1.015014829,0.912307607,1.012479008,0.954506219,1.051178237,0.815300687,1.015014829,1.335541703,0.873678199,0.954506219,0.948613077,0.912307607,0.784974084,0.958199672,1.511112344,1.335541703,0.948613077,1.045712525,0.835169424,0.708792676,1.480662553,1.021573934,1.015014829,0.940891295,1.052466647,0.765348305,1.254015412,1.227183228,0.708792676,0.708792676,1.355422408,0.998266043,1.287089597,1.286408001,1.075914351,1.045712525,0.988737804,0.948613077,0.859551586,0.708792676,0.65841982,0.833123288,1.286408001,1.480662553,0.840102344,1.009661637,0.827456158,0.904428105,1.021573934,0.765348305,1.037765717,1.143530117,1.009661637,0.963142678,0.599643747,0.84858332,0.86161913,1.211473039,0.957192075,0.833123288,1.009661637,1.726978578,1.095969364,1.287089597,0.963142678,1.143530117,0.708792676,0.804493073,1.075914351,0.803122728,0.84858332,1.095969364,0.803122728
Hs-578-T,1.174408841,0.859913436,0.932011583,1.016843693,0.929722734,1.163678032,1.201398958,1.074065205,0.929722734,0.908432973,0.854706569,1.163773812,0.907271023,1.278836445,1.172641992,0.929722734,0.487306479,1.191465846,1.102364187,0.995422784,1.107866434,1.123761581,1.034074121,0.880629555,0.807272425,1.392866138,0.861955528,1.107866434,0.93705313,1.163773812,0.905883034,0.910168544,0.905587439,1.107866434,1.002259266,0.932011583,0.905883034,0.832192778,0.868105321,0.897291199,1.14946743,1.113328825,1.002259266,0.833660808,0.855995151,1.11109264,0.568294528,1.123696649,1.106526922,1.107866434,1.064313018,1.056835733,0.918014635,1.345660889,1.159573732,0.568294528,0.526755023,1.016843693,0.908432973,1.660964189,1.358860805,1.201398958,0.854483526,0.91557323,0.832192778,1.238251777,0.544844286,1.459729504,0.906818301,1.358860805,1.182013506,0.995422784,1.136394749,1.102364187,1.278836445,1.106526922,0.918014635,1.118461631,1.046794107,1.136394749,0.959394522,0.861955528,0.933554319,1.278836445,1.124326587,0.905883034,0.859913436,1.345660889,1.153580859,0.923448342,1.660964189,0.959394522,1.089121275,0.568294528,0.936495293,1.124326587,0.807272425,0.933554319,0.923448342,0.807272425
HT-29,1.30588915,1.193236315,1.240119852,1.057631006,1.005527047,1.363103828,1.238477627,1.05613793,1.005527047,1.021212694,0.743338786,1.0103836,1.005020204,0.975981819,1.239100001,1.005527047,1.182144379,0.749245711,0.725001441,0.728158449,1.275163764,0.994359071,1.214799758,1.008223303,0.98392556,1.288855114,0.743338786,1.275163764,1.008223303,1.0103836,1.007469738,0.743338786,1.228775258,1.275163764,1.000944309,1.215118518,1.007469738,1.499241745,0.986567125,1.003899757,0.763688097,1.246863336,1.000944309,1.179845965,0.971085195,0.736315614,1.038118133,1.240452038,0.990502966,1.275163764,1.05613793,1.016153432,1.015226513,1.069671597,1.374598697,1.038118133,1.011800873,1.057631006,1.021212694,1.024677003,1.267802453,1.238477627,0.960140804,0.750523776,1.249720965,1.207885019,1.011800873,0.428843226,1.198669595,1.267802453,1.240452038,0.728158449,0.749245711,0.725001441,0.975981819,0.990502966,1.015226513,0.736315614,1.233987996,0.749245711,1.031462766,0.743338786,1.257615049,0.975981819,1.218986586,1.007469738,1.193236315,1.22758541,1.191425372,0.971048944,1.024677003,1.01352077,1.2449351,1.038118133,1.010311086,1.218986586,0.98392556,1.229490894,0.971048944,0.98392556
IGROV-1,1.092131004,1.01218301,1.000212016,1.127093168,1.056117167,1.092131004,1.036519323,1.040372551,1.056117167,1.062902183,1.034315649,1.054069206,1.054781121,0.91900833,1.115535684,1.056117167,0.923437942,0.93147253,0.997407334,0.83817155,1.005765475,1.013583349,1.054895743,1.000145007,1.035819925,1.040982038,1.034315649,1.005765475,1.057751034,1.054069206,1.042954514,1.034315649,1.01218301,1.005765475,1.127093168,1.000212016,1.042954514,0.997708323,1.009286195,1.035819925,0.936080889,1.034323325,1.127093168,1.022671383,1.002839789,1.018558856,0.915510739,1.115535684,1.013583349,1.005765475,1.053555046,0.99936364,1.028143257,0.953718526,1.163184818,0.915510739,0.86550162,1.127093168,1.062902183,1.065630069,1.006449854,1.036519323,0.982567609,1.023412442,1.022671383,1.054895743,0.86550162,1.038311048,1.01218301,1.006449854,1.115535684,0.83817155,0.892886545,0.997407334,0.91900833,1.013583349,1.028143257,1.018558856,1.005765475,0.892886545,1.064285363,1.034315649,1.021340031,0.91900833,0.99233696,1.042954514,1.01218301,0.953718526,1.110103137,1.064739908,1.065630069,1.064285363,0.973842516,0.915510739,1.060847396,0.99233696,1.035819925,1.021340031,1.064739908,1.035819925
K-562,1.410641156,1.001443221,1.071999536,1.219817291,1.085506257,1.410641156,1.082216935,1.111357967,1.000775208,1.295546919,0.75045888,1.038084273,1.04916986,1.197094105,1.002889388,1.106129027,0.824503367,1.221169097,0.706686575,1.208215098,1.004846614,1.186578303,1.036398379,1.011023294,0.964784572,1.285359784,0.740732746,1.00245208,1.039067036,1.105783155,1.02128879,0.766937025,1.032523531,0.901320241,1.198716998,1.043087819,1.02128879,0.727997158,0.72414783,1.046777597,1.180350452,1.18658447,1.198716998,0.78877872,0.971092543,0.958160848,0.824503367,1.000369547,1.186578303,0.94005459,1.018457582,0.990728485,1.081982655,0.787616945,1.016984313,0.824503367,0.788679329,1.187885095,0.786040088,1.043951235,1.394518725,1.082216935,1.062887586,1.062177178,0.78877872,1.092126226,0.788679329,0.995057495,1.055495439,1.286324219,1.000369547,1.208215098,0.745325851,0.706686575,1.197094105,1.186578303,1.081982655,0.976185358,0.884139263,0.745325851,0.989131252,0.740732746,1.096316381,1.177190633,0.979253353,1.02128879,1.001443221,0.787616945,1.427795758,0.75958678,1.043951235,1.071556006,0.843480927,0.824503367,0.779478369,0.979253353,0.964784572,1.05461828,0.75958678,0.964784572
KM12,1.045795023,1.018294038,1.037907802,1.024921093,1.018038378,1.045795023,1.043994496,1.028495473,1.018038378,1.036919124,1.07232571,1.045095998,1.027681577,0.98482763,1.046404093,1.0188688,0.630047017,1.052533452,0.985563956,0.880190126,0.978619809,1.005991892,1.043994496,0.989532749,1.017402206,0.629696435,1.07232571,0.978619809,1.069477363,1.045095998,1.320875651,1.07232571,1.018294038,0.978619809,1.024921093,1.037907802,1.371696547,1.010534684,1.000871763,1.017402206,1.060071299,1.042968925,1.024921093,1.010534684,0.988170401,0.983771317,0.630047017,1.046404093,1.005991892,0.978619809,1.021744437,0.996338159,1.041430315,1.036742276,1.333514017,0.630047017,0.624880534,1.024921093,1.036919124,1.347758639,1.042305142,1.043994496,0.974151296,1.041430315,1.010534684,1.043994496,0.624880534,1.051989256,1.018294038,1.042305142,1.046404093,0.62948814,0.99254337,0.985563956,0.98482763,1.005991892,1.041430315,0.983771317,0.978619809,0.99254337,1.048860872,1.07232571,1.055160805,0.560408956,1.043994496,1.373531836,1.018294038,1.036742276,1.042678163,1.048658875,1.347758639,1.048860872,0.978619809,0.630047017,1.043415726,1.043994496,1.017402206,1.055160805,1.048658875,1.017402206
LOXIMVI,0.973040696,0.963191872,1.186481312,0.969851253,1.202979208,0.973040696,1.173055995,1.184372882,1.202979208,0.989133733,0.983923583,0.959170135,0.990377804,1.151439094,0.98389293,1.202979208,0.75162969,0.993295651,0.947107598,1.202505842,0.955338924,0.710800927,1.173055995,1.12783555,0.952985436,1.051312256,0.983923583,0.955338924,1.188679719,0.959170135,1.202979208,0.983923583,0.963191872,0.955338924,0.969851253,1.186481312,1.202979208,0.981587022,1.115719854,0.987451552,1.013091363,1.003266189,0.969851253,0.981587022,1.161711524,0.980897663,0.76410906,0.98389293,0.710800927,0.955338924,1.17664464,1.01749683,0.74089941,0.988385134,1.21363958,0.76410906,0.417039026,0.969851253,0.983458926,1.222127011,1.051312256,1.173055995,1.144564366,0.743072675,0.981587022,1.173055995,0.417039026,0.730388024,0.963191872,1.051312256,0.98389293,1.202505842,0.994185265,0.947107598,1.151439094,0.710800927,0.74089941,0.967587485,0.955338924,0.994185265,1.178002395,0.983923583,1.17007051,1.151439094,1.173055995,1.202979208,0.963191872,0.988385134,0.991095153,1.205051094,1.222127011,1.178002395,0.955338924,0.773807038,1.194224643,1.173055995,0.987451552,1.17007051,1.205051094,0.987451552
M14,1.26952983,1.211683275,0.984142123,0.981555927,1.067074713,1.26952983,0.959697164,0.991109066,1.067074713,0.908616143,1.341472532,1.193303838,1.009837815,1.010748746,0.974406619,1.067074713,0.678347047,1.003333342,1.39125679,1.149658016,1.004034124,1.193303838,0.959697164,0.956713037,0.981896529,0.937191671,0.767196005,1.004034124,0.956713037,1.193303838,1.067074713,0.767196005,1.317431278,1.004034124,0.981555927,0.984142123,1.067074713,0.941926051,0.956713037,0.981896529,1.001269558,1.220899002,0.981555927,0.941926051,0.993232448,0.932725111,0.678347047,0.974406619,1.193303838,1.004034124,0.991109066,0.962861672,0.739792739,1.208508929,1.178163117,0.678347047,0.678347047,0.981555927,0.908616143,0.771629107,0.989343649,0.959697164,0.993232448,0.739792739,0.941926051,0.959697164,0.678347047,0.771629107,1.211683275,0.937191671,0.974406619,1.149658016,1.003333342,1.39125679,1.010748746,1.193303838,0.739792739,0.932725111,1.004034124,1.003333342,0.991109066,0.752175596,0.984142123,1.082924205,0.959697164,1.067074713,1.211683275,1.208508929,1.398331287,0.885307747,0.771629107,0.991109066,1.004034124,0.678347047,1.067074713,0.959697164,0.981896529,0.984142123,0.885307747,0.981896529
MCF7,1.06526298,1.26809015,1.258063059,1.033839282,1.099398038,1.043328723,0.631331809,1.053839057,1.195221945,1.046890078,1.263234017,0.831631424,0.660817131,0.996088816,1.057955778,1.349578246,0.907821508,0.876115883,1.006474965,1.302536,1.002610858,0.823326441,0.640375282,1.026672084,0.992271313,1.287935559,1.263234017,1.002610858,1.046522738,0.831631424,1.055406196,1.263234017,1.471081575,1.002610858,1.459481305,1.258063059,1.055406196,1.052649979,1.042149786,1.080537622,0.87593474,1.057692318,1.459481305,0.631679571,0.819140545,0.584864841,0.918311721,1.219171409,0.823326441,1.002610858,1.051001287,1.329705713,0.872646595,0.903219119,1.075393537,0.918311721,0.654605263,1.033839282,1.046890078,1.753673467,1.127888164,0.631331809,1.017584375,0.869518173,1.052649979,0.640375282,0.654605263,0.633287781,1.748237279,1.059216009,1.219171409,0.797926403,0.615671522,1.006474965,0.996088816,0.823326441,0.872646595,0.591424901,1.002610858,0.615671522,1.074842426,1.263234017,0.888141677,0.996088816,1.208477161,1.055406196,1.26809015,1.055719087,1.042288165,0.856455288,1.753673467,1.074842426,0.968097719,0.669849876,0.8677283,1.02753281,0.992271313,0.888141677,0.856455288,0.992271313
MDA-MB-231,1.27311209,0.78453188,1.242998349,1.062208965,0.95465965,1.27311209,1.092324275,1.010086515,0.881067772,1.024596666,1.029609243,1.112674482,0.806716753,1.387922155,1.060894775,0.881067772,0.657516332,1.07292789,1.004065713,0.894591446,1.028583157,1.012927909,1.290378558,1.096906798,0.744559162,1.334964587,1.040624333,1.028583157,1.135516263,1.112674482,1.058879536,1.238512198,0.815526927,1.028583157,1.079809269,1.103194081,0.85983082,0.788922768,1.033710367,0.833377756,1.09589699,1.101373989,1.079809269,0.832141934,1.035196631,1.010596633,0.761243499,1.011793816,1.012927909,1.028583157,0.98980478,1.074423835,1.096972827,0.825447113,1.295410621,0.761243499,1.038644601,1.062208965,1.034308996,1.085171049,1.31971253,1.092324275,1.01274581,1.096972827,0.832141934,1.320208278,1.038644601,0.843418508,0.78453188,1.31971253,1.054326868,0.941773111,1.018597342,1.004065713,1.775254635,1.012927909,1.096972827,1.032827182,1.008297223,1.018597342,0.951390068,1.040624333,1.132946589,1.367702058,1.155510836,1.058879536,0.78453188,0.825447113,1.059925076,1.111869404,1.085171049,0.951390068,0.987164114,0.85518677,0.944496053,1.155510836,0.744559162,1.132946589,1.111869404,0.744559162
MDA-MB-468,1.058707427,0.798053433,1.41709801,1.268067343,0.825561706,1.112975545,1.354885176,1.117287666,0.825561706,1.090751695,0.922206545,1.326615258,0.828330766,1.307345716,1.346829972,0.825561706,1.251494936,0.828116745,0.803261051,1.16124926,1.322072399,0.829112072,1.357900696,0.805172484,0.792362625,1.58947135,0.932680355,1.322072399,0.850637741,1.326615258,0.837494036,0.956055847,0.805235359,1.322072399,1.268067343,1.312385543,0.804402887,0.810679515,0.971622695,0.839844157,0.847426867,0.845596339,1.268067343,0.819709077,0.802558524,0.816147165,1.000447069,1.336961593,0.811405406,1.322072399,1.2513975,1.433864512,0.82321947,1.113902728,1.114533332,1.000447069,0.719187649,1.268067343,0.828918879,0.840121766,1.136867965,1.354885176,0.786408131,0.967576735,0.82628701,0.820550278,0.719187649,0.840423284,0.820249714,1.136867965,1.336961593,1.319713129,0.828116745,0.803261051,1.188995194,0.811405406,0.838782452,1.326720487,1.06155043,0.828116745,1.106662967,0.932680355,0.832668461,1.427976715,1.311243723,0.837494036,0.798053433,1.113902728,1.112328327,1.559501507,0.840121766,1.106662967,0.990334595,0.868881888,0.8253077,1.311243723,0.792362625,0.832668461,0.845550657,0.792362625
MOLT-4,1.330359746,0.9883648,0.940652251,0.991453963,0.962678587,1.330359746,0.940652251,0.970312873,0.962678587,0.986754864,1.593892262,0.990174687,1.066702584,1.064992026,0.966867907,0.962678587,0.569533834,0.980161799,0.87227313,0.984244483,0.997185251,0.998047823,0.940652251,0.98502454,1.008563767,0.931656154,0.995896353,0.997185251,0.98502454,0.990174687,0.962678587,0.995896353,0.9883648,0.997185251,0.868189873,0.940652251,0.962678587,0.973572574,0.98502454,1.008563767,0.807925715,0.975898248,0.868189873,0.973572574,1.167118802,0.997185251,0.569533834,0.579080645,1.002608354,0.997185251,0.970312873,0.931656154,1.140516283,0.980161799,1.26299309,0.569533834,0.569533834,0.991453963,0.986754864,1.040752809,0.931656154,0.940652251,1.167118802,1.140516283,0.973572574,0.940652251,0.569533834,1.040752809,0.9883648,0.931656154,0.579080645,0.984244483,0.980161799,0.87227313,1.064992026,1.002608354,1.140516283,0.997185251,0.997185251,0.980161799,0.963936819,0.995896353,0.940652251,1.031066958,0.940652251,0.962678587,0.9883648,0.980161799,1.293207974,0.98502454,1.040752809,0.963936819,0.997185251,0.569533834,0.962678587,0.940652251,1.008563767,0.940652251,0.98502454,1.008563767
NCI-H226,1.017041981,1.227245097,1.031436205,0.617041048,1.198636864,1.017041981,1.031436205,1.023403805,1.198636864,1.038965395,0.67943182,1.028629551,1.015156791,0.966126739,1.390269445,1.198636864,0.605363016,1.019723,1.024177251,1.022865374,1.006513136,1.019246695,1.031436205,0.995578297,1.004283841,1.031674757,1.077223705,1.006513136,0.995578297,1.028629551,1.000787215,1.036379418,1.227245097,1.006513136,1.034439498,1.031436205,1.000787215,0.626291074,0.995578297,1.015156791,0.867967428,1.029328173,1.034439498,1.031799922,1.024177251,1.000920794,0.605363016,1.369692299,1.019246695,1.006513136,1.023403805,1.031674757,0.87939846,0.617415579,1.038080169,0.605363016,0.605363016,0.617041048,1.038965395,1.031378488,1.031674757,1.031436205,1.024177251,0.87939846,1.031799922,1.031436205,0.605363016,1.032342085,1.227245097,1.031674757,1.369692299,1.022865374,1.01826771,1.024177251,0.966126739,1.019246695,0.87939846,1.006513136,1.29613725,0.580174149,1.023403805,0.67943182,1.031436205,0.966126739,1.031436205,1.000787215,1.227245097,1.025755369,1.030199611,0.622541118,1.031378488,1.023403805,1.29613725,0.605363016,1.021068628,1.031436205,1.004283841,1.031436205,0.622541118,1.004283841
NCI-H23,1.40013926,0.914648397,0.957056783,0.923937734,1.609359158,1.40013926,0.91098057,1.488410813,1.20723467,0.939624709,0.839104785,1.202714516,0.967457513,1.220652923,1.293508118,1.271162621,0.973398366,0.983448547,1.136873962,0.925031613,0.853048403,1.126270363,0.964032829,0.902118219,0.85796857,1.227388892,1.186544103,0.850662687,0.97245459,1.202714516,1.180486794,1.273436303,0.914648397,0.850662687,0.914004369,0.957056783,1.264931814,0.951905385,0.90027207,0.942349004,1.291522759,0.905208021,0.914004369,0.950554969,1.157873842,1.104552306,1.308344739,1.451750398,1.126270363,0.853048403,1.366667181,0.965560634,1.270799535,1.341376884,1.68799593,1.308344739,0.544982382,0.923937734,0.939624709,0.955883363,1.869015175,0.960313342,1.157185847,0.580920213,0.951905385,0.964032829,0.544982382,0.955267737,0.922524441,2.031517757,1.258746902,0.925031613,0.914509894,1.136873962,1.168679268,1.126270363,0.593593966,0.85637784,0.812590317,0.914509894,1.195083384,1.228308058,0.957056783,1.124658427,0.91098057,1.236069521,0.914648397,1.341376884,1.430225981,1.67859065,0.955883363,1.238852756,0.849551327,0.97733882,1.702510377,0.91098057,0.85796857,0.957056783,0.636116455,0.85796857
NCI-H322M,0.55226702,1.631140977,0.973167268,1.217856926,1.500105938,0.55226702,0.556461141,1.251152772,0.96024238,0.978045139,1.037026781,0.960677932,1.452322712,0.955871736,1.304662121,1.217757164,0.551554007,0.954040225,0.919425345,0.942987045,0.92279658,0.939326077,1.281474741,0.944533524,0.925696814,1.229746706,1.469552216,0.92279658,0.944533524,0.960677932,0.929519907,1.271178434,1.69657894,0.92279658,1.227902861,0.937966333,0.929519907,0.957696508,0.944533524,0.925696814,0.938144651,1.675027382,1.227902861,0.957696508,0.940806498,0.916846733,0.55299257,1.675159258,0.939326077,0.92279658,1.25317993,0.927859056,0.958687487,0.954040225,2.174515256,0.55299257,0.549391632,1.217856926,0.585251892,1.287760199,1.270253857,0.550309083,0.942525035,0.964896247,0.957696508,1.31536239,0.549391632,0.548552925,0.895730122,1.270253857,1.508457955,0.942987045,0.954040225,0.919425345,0.955871736,0.939326077,0.958687487,0.92279658,0.916027202,0.954040225,0.954009261,1.037026781,0.941660935,0.955871736,1.243615222,0.929519907,1.631140977,0.954040225,0.55226702,0.950470523,1.287760199,0.954009261,0.916027202,0.55299257,1.238533517,1.298369677,0.925696814,1.318995185,0.950470523,0.925696814
NCI-H522,1.265839368,0.889319049,1.316523762,1.231925343,0.99168162,1.263015257,1.286835227,1.264620629,0.909096156,0.988187261,1.233431611,1.235854306,0.958024489,1.204245498,1.516391322,0.95777607,1.003531812,0.963561615,0.525707617,1.475633514,0.911533607,1.229997963,1.268032841,0.91576354,1.165912756,1.008224309,0.94225884,0.911533607,0.976342704,1.235854306,0.951342265,0.94225884,0.935969671,0.911533607,1.256257669,1.220777386,0.951342265,0.94794778,0.924802068,0.94045779,1.276913239,1.282784848,1.195590931,0.546519411,1.448673439,0.908203581,1.003531812,0.926357144,1.229997963,0.911533607,1.25390624,0.954609795,0.961540696,1.280778515,0.939170566,1.003531812,0.975515854,1.279358542,0.988187261,0.580722689,0.98274395,1.286835227,0.886539784,0.969724983,0.94794778,1.229280993,0.975515854,0.569372727,0.919860411,0.98274395,1.516391322,1.249739508,0.912436965,0.525707617,1.97836938,1.229997963,0.961540696,0.909072314,0.911533607,0.912436965,1.269812503,0.94225884,1.274789406,1.152622163,1.210011127,0.951342265,0.889319049,0.935432331,1.257325351,0.970787871,0.580722689,1.269812503,0.892124441,1.003531812,0.952181718,1.210011127,1.165912756,1.248767965,0.970787871,1.165912756
OVCAR-3,0.95661851,1.056391263,1.229718026,1.119576431,1.42105902,0.956749395,1.155811758,0.959903174,1.154654644,1.162089275,1.140149685,0.947868313,1.109167327,0.942802797,0.914262974,0.964816757,0.728031237,1.064222749,0.666849947,1.29996538,0.668099279,1.53434185,0.719662768,1.225705269,1.484987853,1.235137478,1.148818935,2.295992504,1.083364558,0.971794229,0.974898739,1.152382295,0.698191337,1.481259381,1.12311887,1.183834816,0.974898739,0.701511857,1.042529458,0.71090558,0.739047644,0.921052762,1.12311887,0.708470165,0.676913404,0.685483625,0.978328259,0.915150889,1.47425505,0.668099279,0.960735303,0.959526161,1.357985467,1.677953297,1.321237305,1.237627945,0.713244097,1.119576431,1.162089275,1.178554936,1.406097573,1.155811758,1.114488666,1.065979484,0.721430291,0.719662768,0.713244097,1.10946293,1.084235057,1.210200192,0.915150889,1.29996538,1.037880615,0.666849947,0.902118219,1.47425505,1.075539621,0.683473139,2.953635857,1.074416933,0.960568059,1.193816528,1.214047468,0.891712215,1.155811758,0.967019803,1.056391263,1.58616275,0.948009911,1.156608953,1.178554936,1.000773207,2.952407941,0.978328259,1.001976352,1.155811758,1.144934633,1.168688706,1.156608953,0.665853062
OVCAR-4,1.465909862,0.7809826,0.802233452,0.780104692,1.72031806,1.465909862,1.067383145,1.13659972,1.101149221,1.28860348,1.05006979,1.328637759,0.795669156,1.115424761,1.324983348,1.145662249,1.215189108,1.081721503,0.757182789,1.278226324,1.20800071,1.05916556,1.124275707,0.771605495,0.7879443,1.120557479,1.0524537,1.20800071,0.785143212,1.328637759,0.821913602,1.072146358,0.7809826,1.20800071,1.293339985,0.802233452,0.821913602,0.792737117,0.785143212,1.261841359,0.920352216,1.213131691,1.293339985,0.792737117,0.768664123,0.758482187,1.297872455,0.803706022,1.03388328,1.20800071,0.803978989,1.474320339,0.807568157,1.333535732,1.357698235,1.297872455,0.806326197,1.292935691,1.045349074,1.068488241,1.111256988,1.067383145,0.751675171,0.802286771,0.792737117,1.530345481,0.806326197,0.8029554,0.7809826,1.09663419,0.803706022,1.251178868,0.755007443,0.757182789,1.039006974,1.03388328,0.807568157,1.223822381,1.685360512,0.755007443,1.091266345,1.0524537,0.824139496,1.498601379,1.067383145,0.821913602,0.7809826,1.282523938,1.271931756,0.813648485,1.068488241,1.091266345,1.659525181,1.297872455,1.029676075,1.067383145,0.7879443,0.824139496,0.813648485,0.7879443
OVCAR-5,0.921362823,1.174022927,1.197960375,0.884346383,0.959600486,0.921362823,1.190102029,1.258201554,0.858685574,0.925455787,1.344016598,0.930655572,0.964551497,0.884537037,1.40888253,0.928802904,0.573163664,0.992810006,0.859145872,0.895045312,1.063701588,0.881265227,1.251247876,0.865415004,1.108699081,1.287159245,1.358707673,1.063701588,0.950805927,0.930655572,0.915210544,1.449807916,1.229583235,1.063701588,1.111785587,1.197960375,0.915210544,0.973386099,0.883770019,1.214083311,0.551166189,0.935342636,1.111785587,1.21336884,1.144143256,1.047633799,0.577166017,1.40888253,0.881265227,1.063701588,1.22329006,1.466088506,0.946415145,0.988309751,1.175995128,0.577166017,0.554078535,0.884346383,0.925455787,1.465122063,0.93832108,1.209898151,0.85999471,0.552192282,0.973386099,1.263579413,0.554078535,0.532021407,1.225255406,0.93832108,1.40888253,0.895045312,0.992810006,0.859145872,0.884537037,0.881265227,0.946415145,1.047633799,1.063701588,0.992810006,1.18581821,1.402076666,1.278894645,0.884537037,1.190102029,0.915210544,1.174022927,0.956543862,0.891840848,0.888344877,1.465122063,1.263518148,1.035643718,0.577166017,0.936089958,1.190102029,1.108699081,1.223681711,0.888344877,1.175942731
OVCAR-8,1.217618077,0.892848244,0.943246667,1.189692575,0.961978609,1.217618077,1.264791687,0.971595742,0.882801169,1.140371492,0.896329236,1.218528026,1.15790033,0.872221407,0.948541762,0.922410121,0.566956678,1.16104692,1.373100196,0.891422263,0.868452158,0.879405306,1.490836364,1.194505027,1.201686075,1.2342467,0.893910035,0.868452158,0.977580946,1.218528026,1.176476246,1.173183999,0.912559305,0.868452158,0.899252143,0.943246667,1.176476246,0.528943109,0.894931598,0.884038924,0.964546134,0.8913075,0.899252143,1.261688622,1.18118766,0.8673392,0.580910601,1.190253702,0.879405306,0.868452158,0.91284528,1.412603986,1.240720249,1.245408599,1.18716316,0.580910601,0.532863622,1.177949941,1.101464759,1.35389267,1.231963244,1.264791687,0.853097953,0.961427835,0.926785543,1.553268491,0.532863622,0.912789018,0.892848244,1.231963244,1.190253702,0.891422263,1.134792883,0.87420524,0.872221407,0.879405306,1.299452937,0.866040409,0.829365633,1.134792883,1.45379915,0.893910035,0.952300578,1.427547591,1.172567437,1.176476246,0.892848244,1.245408599,1.193743358,0.906956434,1.35389267,1.522779072,0.829365633,0.565851067,0.956636445,1.172567437,1.201686075,0.952300578,0.906956434,1.201686075
PC-3,1.201690031,0.776725385,1.035340524,1.203323704,1.058092981,1.236656016,1.215344529,1.052488397,1.061439486,2.624594917,1.038395199,1.038033997,0.793406122,1.022019516,1.250508622,1.061439486,0.807491002,1.259810667,0.754039798,1.238674691,0.763147351,1.010951755,1.211907741,0.765325663,0.772783845,1.095347366,1.834988058,0.743710096,0.765054814,1.038033997,1.096250911,1.633229404,0.776725385,0.743710096,0.753693858,1.035340524,1.241279862,0.983624998,0.765054814,0.772783845,0.791059702,1.218174486,1.224742713,0.983624998,0.782279722,0.772446324,0.809639686,1.223851546,1.010951755,0.743710096,1.037937042,1.094437406,0.787537856,0.774911459,1.251417219,0.809639686,0.696910458,0.757149305,0.788587949,1.700840588,1.167240284,1.215344529,0.724265837,0.79610504,0.983624998,1.243030112,0.696910458,0.784642203,0.776725385,1.167240284,1.271017965,1.238674691,1.259810667,0.754039798,1.022019516,1.010951755,0.787537856,1.028160586,1.20905587,1.259810667,1.056188282,1.136612804,1.04604151,1.022019516,1.215344529,1.25818526,0.776725385,0.774911459,1.213892722,0.799524091,1.700840588,1.056188282,1.211437813,0.809639686,0.78098051,1.215344529,0.772783845,1.04604151,0.799524091,0.772783845
RPMI-8226,1.241562037,1.415644079,0.776185572,1.245481455,1.039884008,1.241562037,1.30196349,1.034971346,1.039884008,0.755448816,0.727472657,1.235547062,1.251375462,0.996638924,1.212880924,1.039884008,0.738922582,1.027271484,0.716905744,1.201670248,0.718965093,1.196984158,1.27278617,1.237454598,1.219112652,0.769754719,0.760352528,0.718965093,0.813670038,1.235547062,0.998765029,0.760352528,1.23463827,0.718965093,1.267370984,0.765980033,0.744730113,0.789417402,0.813670038,1.219112652,1.260910541,1.212880924,1.267370984,0.809124009,1.005495427,0.95067079,0.752953546,1.12951564,1.1748589,0.718965093,1.034971346,0.948448769,0.785338393,1.184057638,1.016683867,0.752953546,0.758185792,1.245481455,0.755448816,1.059963062,1.265860981,1.30196349,0.979813237,0.764395285,0.789476824,1.039928181,0.738092454,0.790449972,1.47170048,1.265860981,1.12951564,1.201670248,0.988174368,0.716905744,0.996638924,1.1748589,0.785338393,0.961190467,0.973749748,0.988174368,1.04038591,0.760352528,0.765980033,1.226536017,1.22584208,0.998765029,1.415644079,1.031139473,1.241562037,0.866127523,1.059963062,1.070937053,0.973749748,0.745501375,1.039884008,1.22584208,1.219112652,0.765980033,0.866127523,1.219112652
RXF393,1.204081364,0.947653536,1.089617386,1.011742905,0.995448702,1.204081364,0.905744553,0.808611579,0.995448702,1.190719471,1.361040559,1.005354901,1.086690613,0.94813611,1.204081364,0.995448702,0.625499466,0.748155017,1.097104893,0.985558017,1.200415296,1.007274247,0.937602123,1.055881005,0.974236235,0.984477416,1.254462036,1.200415296,1.055911626,1.005354901,0.995448702,0.769274779,0.947653536,1.200415296,1.011742905,1.089617386,0.990274503,1.01267217,0.780946233,0.969544407,1.004042147,1.204081364,1.011742905,0.938897867,0.751509502,0.766793542,0.625499466,1.385040885,1.010030126,1.200415296,1.055532279,0.963903192,0.761730712,1.27330966,1.132712678,0.625499466,0.625499466,1.011742905,1.202562956,1.479635435,0.984477416,0.905744553,0.751509502,0.761730712,1.01267217,0.937602123,0.625499466,0.663998175,0.947653536,0.984477416,1.385040885,0.985558017,0.748155017,1.097104893,0.94813611,1.010030126,0.761730712,1.2215329,1.200415296,0.748155017,1.237405073,1.258029891,1.089617386,0.94813611,1.458777571,0.995448702,0.947653536,0.751631315,1.204081364,0.745689039,1.479635435,1.237405073,1.200415296,0.625499466,0.995448702,0.905744553,0.974236235,1.089617386,0.745689039,0.974236235
SF268,1.096563915,1.035124434,1.11162656,0.939694591,1.072744274,1.096563915,1.13045734,0.971676604,0.976640727,0.846889925,1.487387698,1.165046567,0.843878986,1.055928235,1.135183405,1.035622205,0.837873711,1.097288099,1.12419939,0.835392264,0.835722869,1.063824689,1.117355653,1.066588664,0.811592547,1.113411644,0.864677215,0.856536771,1.080358929,1.165046567,0.956994718,0.871663492,1.06519354,0.856536771,1.112300917,1.130870788,0.956994718,0.835179972,1.047911561,0.811592547,0.860454623,1.110828966,1.112300917,0.872720576,0.997238648,0.88377689,0.835539969,1.04093218,1.063824689,0.856536771,0.555926898,1.08919971,0.890477744,0.850553552,1.25594724,0.835539969,0.835539969,0.939694591,0.846889925,0.877469857,1.166488785,1.13045734,0.886194596,0.889465379,0.872720576,1.168086443,0.835539969,0.854903722,1.068232426,1.166488785,1.080911413,0.835392264,1.072648278,1.12419939,1.038219205,1.063824689,0.890477744,0.886091335,0.835722869,1.072648278,1.132126408,0.864677215,1.125512953,1.069771079,1.079002248,0.956994718,1.035124434,0.850553552,1.124618364,1.110091329,0.877469857,1.132126408,0.835722869,0.835539969,1.150683798,1.079002248,0.811592547,1.785743759,1.110091329,0.811592547
SF295,1.361305007,0.980382222,1.007916602,1.004714177,0.991334681,1.373184922,1.016697523,1.00595273,0.991334681,0.761441555,1.127361018,1.024089316,1.234096647,0.986979789,1.435784451,1.001570354,1.096740139,0.941049403,0.948309533,1.230121882,1.139584916,0.97472633,1.046231817,0.983570133,1.128142033,1.287258998,0.74677214,1.139584916,1.02948579,1.024089316,1.001570354,0.74677214,0.980382222,1.139584916,1.003749861,1.007916602,1.001570354,1.069684163,0.977326025,1.206789705,1.016473491,1.434170644,1.003749861,1.075291601,1.35837765,1.134947556,1.096740139,1.3614009,0.97472633,1.139584916,0.732856605,1.252906544,1.02665019,1.014325929,1.021755094,1.096740139,1.064363112,1.004714177,0.75770398,1.040069441,1.264176413,0.741467889,1.334429261,1.02665019,1.104461902,0.9918765,1.064363112,1.037913445,0.980382222,1.264176413,1.373709919,1.230121882,0.955915824,0.948309533,0.986979789,0.97472633,1.048434694,1.134947556,1.139584916,0.955915824,1.01224402,0.74677214,0.770203447,0.974912985,0.71233767,1.001570354,0.980382222,1.014325929,1.389205238,1.05707983,1.040069441,1.01224402,1.096464897,1.096740139,1.01455721,0.730063519,1.128142033,1.052391559,1.05707983,1.128142033
SF539,1.082665013,1.064685627,0.962382586,0.915812415,1.300489827,1.082665013,0.809972581,0.806941644,0.960857832,0.922626486,0.90725235,1.188745953,0.939417956,1.220108922,1.484119002,0.960857832,0.839274145,0.821175089,0.902002,0.928008014,1.285083808,1.099071164,0.836040375,1.06995278,0.881743915,0.99254337,0.9249095,1.285083808,1.152863714,1.188745953,0.9256272,0.94867042,1.064685627,1.285083808,1.150866271,0.962382586,0.948552362,0.99735443,1.091349129,0.881743915,0.790066171,1.144970787,1.334414778,1.222919637,0.914934371,0.893660663,1.020273475,1.424112926,1.099071164,1.285083808,1.103180718,1.168370619,0.802222789,1.455087142,1.259300549,1.020273475,0.555761592,0.915812415,0.927200333,1.27629723,0.978773489,0.809972581,0.898004586,0.802222789,0.99735443,0.836040375,0.555761592,1.253381947,1.064685627,0.978773489,1.499446618,0.928008014,0.820148676,0.902002,1.177044498,1.099071164,0.802222789,1.193020259,0.959554336,0.877606112,1.073766496,0.9249095,0.972787585,1.202396142,0.765758019,0.9256272,1.064685627,1.375959863,0.944765579,1.108069062,1.27629723,1.073766496,0.947395945,0.950020392,0.963168006,0.765758019,0.881743915,0.972787585,1.303714799,0.881743915
SK-MEL-2,1.225817465,0.985335793,0.965953466,1.092804365,0.979539181,1.225817465,0.573063675,0.985665429,0.979539181,0.980470006,0.976610233,1.016000253,0.972200605,0.977201043,1.265337652,0.979539181,0.881367624,1.196455939,0.564970116,0.970370648,0.905455981,1.002848306,0.579814646,0.973519082,0.972200605,0.57698799,0.976610233,0.905455981,0.973519082,1.016000253,0.979539181,0.976610233,0.985335793,0.905455981,1.090614836,0.965953466,0.979539181,0.605772647,0.973519082,0.972200605,0.974165534,1.223780637,1.090614836,0.606935567,1.27103202,0.969689747,0.839810619,1.241712662,1.002848306,0.905455981,0.985665429,1.271413891,0.982861029,1.203899136,1.293633635,0.839810619,0.609796083,1.092804365,0.980470006,0.977406729,0.57833551,0.573063675,0.967236686,0.982861029,0.606577132,0.579814646,0.609796083,0.977406729,0.985335793,0.577739303,1.250374136,0.970370648,1.196455939,0.564970116,0.977201043,1.002848306,0.982861029,0.969689747,0.905455981,1.196455939,0.985665429,0.976610233,0.965953466,0.977201043,0.573063675,0.979539181,0.985335793,1.216152579,1.235862362,0.973519082,0.977406729,0.985665429,0.905455981,0.839810619,0.979539181,0.573063675,0.972200605,0.965953466,0.973519082,0.972200605
SK-MEL-28,0.664271899,0.85848868,0.713243317,0.994248012,0.979285382,1.15921805,0.713243317,1.131025109,0.869699707,0.801165929,1.39806443,1.210574403,0.810035735,1.024111173,1.027996992,1.274951346,0.50994195,0.966768768,1.01858367,0.89709069,1.20589329,1.467330431,0.657836671,0.898099581,1.06872997,0.853397529,0.826580927,1.20589329,0.965166939,1.210574403,1.050347474,0.826580927,1.186853045,1.20589329,0.994248012,0.713243317,1.050347474,0.802327295,0.965166939,1.06872997,0.817157748,0.586488111,0.994248012,0.802327295,0.967882166,1.079721805,0.50994195,1.130756142,1.467330431,1.20589329,1.131025109,1.05472148,0.825132152,1.377363044,1.540335551,0.50994195,0.562600985,0.994248012,0.801165929,1.038131472,0.853397529,0.713243317,0.967882166,0.825132152,0.802327295,0.738126895,0.562600985,0.835374682,0.85848868,0.853397529,1.028533707,0.951659535,0.966768768,1.01858367,1.024111173,1.467330431,0.825132152,1.185638322,1.206992052,0.966768768,1.148358379,0.826580927,1.371625988,1.182043148,0.713243317,1.050347474,0.85848868,1.377363044,1.205384643,1.272464404,1.038131472,1.148358379,1.206992052,0.562600985,0.892911464,0.713243317,1.06872997,1.371625988,1.122563457,1.06872997
SK-MEL-5,1.372158607,1.022342876,1.243552255,1.046403577,1.214116311,1.372158607,0.817987482,1.310905833,1.054135043,0.887553415,1.061242618,0.99778071,0.856236387,0.923438414,1.427622981,1.105617205,0.794401109,1.138137237,0.99013645,0.856673782,0.857569676,0.934528033,0.781557133,1.058431884,0.896672643,1.496363581,0.94671056,0.857569676,1.173974484,0.99778071,1.101550194,0.94671056,1.095447912,0.857569676,1.053047273,1.020405295,1.101550194,1.102405859,1.084537306,0.896672643,0.950280417,1.363367905,1.053047273,1.102405859,1.040827844,0.819091592,0.794401109,1.339481116,0.907538998,0.857569676,1.223501598,0.850807474,0.847711206,1.118772903,1.296084492,0.794401109,0.661978804,1.046403577,0.831070349,1.315342052,1.471353286,0.817987482,0.974035925,1.018269735,1.102405859,0.851689505,0.749774895,0.747237733,1.095493666,1.471353286,1.339481116,0.856673782,1.064446605,0.99013645,0.923438414,0.907538998,0.847711206,0.819091592,0.824415,1.064446605,0.973923509,0.94671056,1.085489865,1.34944944,0.749914735,1.101550194,1.022342876,1.118772903,1.372443989,0.851225007,1.315342052,0.973923509,0.806532163,0.794401109,1.044198456,0.749914735,0.896672643,1.085489865,0.851225007,0.896672643
SK-OV-3,0.626533398,1.017606642,1.063978058,1.019616071,1.061099931,0.626533398,1.071176534,1.054216955,1.061099931,1.064015621,1.043064657,1.02644298,1.068967025,1.031910792,0.646214728,1.073743925,1.057641398,0.655416501,0.619491328,0.992397139,1.025256783,1.01903646,1.061846841,1.032420283,1.054672732,1.089396344,1.031351929,1.025256783,1.059994804,1.02644298,1.053678387,1.046191071,1.020930155,1.025256783,1.009704421,1.063978058,1.053678387,0.940343809,1.059994804,1.054672732,1.079985793,0.646384437,1.009704421,0.952991237,1.155813411,1.058917496,1.057641398,0.646214728,1.01903646,1.025256783,0.881929588,1.053124465,1.065698484,1.05910523,1.079754999,1.057641398,1.034069004,1.019616071,0.603546879,1.051063373,1.089396344,1.071176534,1.040802147,1.065698484,0.952991237,1.082158362,1.034069004,1.04596003,1.017606642,1.089396344,0.646214728,1.043013187,0.624299326,0.610914113,1.031910792,1.01903646,1.065698484,1.036022282,1.025256783,0.875496104,1.07853255,1.043064657,1.078528865,1.031910792,1.024182843,1.053678387,1.017606642,1.032001741,0.640085703,1.371487332,1.051063373,1.07853255,1.00585182,1.057641398,0.630854903,1.024182843,1.054672732,1.078528865,1.371487332,1.054672732
SN12C,0.988601885,0.827237068,1.221113704,1.027336684,1.107313353,0.988601885,0.95253833,1.231077359,1.22797908,1.045964672,0.967343187,1.049314557,1.669663599,1.22731728,0.988563691,1.22797908,0.665292806,1.237646951,1.094205078,0.76260977,1.039707842,1.069050238,0.989130755,1.284264941,1.012581386,1.276578493,0.978225837,1.02226571,1.275321625,0.731087058,1.22797908,0.978225837,1.056263034,1.02226571,1.027336684,1.221113704,1.217286931,0.751279722,0.624509762,1.012581386,0.722385025,1.051858284,1.027336684,0.751279722,1.050396087,0.802976314,0.665292806,0.988563691,1.043959475,1.02226571,1.283439329,1.022142862,0.89167395,0.892080629,1.245317822,0.665292806,0.665292806,1.027336684,1.032120291,0.930580464,1.369868858,0.95253833,0.764964684,0.851954825,0.751279722,0.989130755,0.665292806,0.739315058,0.827237068,1.369868858,0.988563691,0.82490655,1.237646951,1.094205078,1.200990402,1.043959475,0.727782806,0.779667478,1.039707842,1.237646951,1.013348185,0.967343187,1.091904312,1.326541299,0.989130755,1.22797908,0.827237068,0.892080629,0.988601885,0.8293206,0.930580464,0.920357404,1.029535782,0.665292806,0.823720061,0.989130755,1.012581386,1.250746313,0.8293206,1.012581386
SNB75,1.243708232,0.948204513,1.070805013,1.043723621,0.807253569,1.243708232,1.023882969,1.032081455,0.807253569,0.799565361,1.022390091,1.101574758,0.810926298,1.026467416,1.086238773,0.807253569,0.848262757,1.053293367,0.982988493,1.261681627,1.061909881,1.044297871,1.038605084,1.232372161,0.745201188,1.328708779,1.022390091,1.020490984,1.307798079,1.101574758,0.807253569,1.022390091,1.002857825,1.020490984,1.059038143,1.001913768,0.807253569,0.836505801,1.246987746,0.808318994,0.794893658,1.08686154,1.059038143,1.281361139,0.972851839,1.027894054,0.848262757,1.086238773,1.044297871,0.975542392,1.012468417,1.039154823,0.818084859,1.105574917,1.058262424,0.848262757,0.826481928,1.017299998,0.799565361,1.06104161,1.268580848,1.023882969,0.959129827,0.818084859,0.73887689,1.038605084,0.826481928,1.035831707,0.979364227,1.268580848,1.086238773,1.261681627,1.026655282,0.982988493,1.026467416,1.044297871,0.818084859,1.04900244,0.982062418,1.026655282,0.989312879,1.022390091,1.044242239,1.046170441,0.969633469,0.807253569,0.948204513,1.027312743,1.08686154,1.297058639,1.06104161,1.04667441,0.992613507,0.848262757,1.02876415,0.969633469,0.745201188,1.02187588,1.297058639,0.745201188
SR,0.92325311,0.948193434,1.080411112,1.328521604,0.979012415,0.92325311,1.086367328,1.156826783,0.908230676,0.896587014,1.170398344,0.982518712,0.944618558,1.100994944,1.145496756,0.9956426,0.711129707,0.960437292,1.049699106,0.867679938,0.97074722,0.897080966,0.940877401,0.659020979,0.865542224,1.318499715,1.170398344,0.97074722,0.72524677,0.982518712,0.930510114,1.207545358,0.978484861,0.97074722,1.241099269,1.080411112,0.892295089,0.705136087,1.160553879,0.939442363,0.681921781,1.134344191,1.241099269,1.150969607,1.060441341,0.964331137,0.69594325,1.145496756,0.908931613,0.97074722,1.156826783,0.913893152,0.715391883,0.960961407,1.455944898,0.69594325,0.681632174,1.275590428,0.94119028,1.161855314,0.988266605,1.086367328,1.060087432,0.698785816,1.150969607,1.099287117,0.681632174,1.129041727,1.174564233,0.944285659,1.145496756,0.916995837,0.911681156,1.049699106,1.100994944,0.908931613,0.715391883,0.964331137,0.894177011,0.911681156,1.147082191,1.170398344,1.080411112,1.100994944,1.086367328,0.930510114,0.948193434,0.960961407,0.935899031,0.926925372,1.161855314,1.147082191,0.935131306,0.69594325,1.122142286,1.086367328,0.865542224,1.080411112,0.926925372,0.949865558
SW620,1.29025501,0.982433763,1.313083953,0.984886502,1.023747792,1.29025501,1.31334629,0.970821842,1.282937404,1.328147301,0.968513768,1.01657463,1.762888413,0.941725171,1.097584788,0.999854007,0.894370581,1.020171576,1.215346237,0.983662071,0.931392143,0.956928777,1.282365523,0.954727417,0.947525456,1.294903434,0.984877102,0.931392143,1.036230815,1.01657463,0.989134725,1.013297221,0.993778473,0.931392143,0.989555582,1.313083953,0.989134725,0.733013544,0.967658339,0.972502155,0.59864016,1.22872882,0.989555582,1.381954861,0.956693646,0.929129068,1.035478798,1.037291854,0.956928777,0.931392143,0.981182347,0.996784092,0.593604422,1.018856644,1.297602532,1.035478798,1.008019164,0.984886502,0.98661319,1.01428503,1.27969433,1.31334629,0.918099375,0.992115165,0.733013544,1.329798446,1.008019164,0.998311489,0.982433763,1.27969433,1.037291854,0.983662071,0.948137556,1.215346237,0.941725171,0.956928777,0.593604422,0.929129068,0.931392143,0.948137556,1.006214829,0.984877102,1.313083953,0.941725171,1.256786205,0.989134725,0.982433763,1.018856644,0.997885053,0.979867956,1.01428503,1.006214829,0.884567287,1.035478798,1.326020055,1.256786205,0.947525456,1.313083953,0.979867956,0.947525456
T47D,0.820692565,1.035212505,1.42864914,1.334461244,1.332240429,0.820692565,1.342557037,0.833169352,1.241848869,0.795042358,1.289860769,0.848329886,0.839189021,1.064655878,1.344797363,1.322243417,0.516461977,1.124608078,0.777376283,1.059207167,0.784327623,0.787617365,1.329985128,1.275187824,1.044573484,1.163163786,1.304937114,0.784327623,1.38106694,0.848329886,1.273111504,1.304937114,1.084586453,0.784327623,1.333479031,1.299882834,1.268662156,0.83277327,0.796408313,1.081533184,0.858227699,1.350669142,1.333479031,0.83277327,1.271691553,0.786117383,0.516461977,1.344797363,0.787617365,0.784327623,0.824166478,1.112204179,0.854669467,1.090948516,1.291901932,0.516461977,0.858828221,1.334461244,1.350402902,1.373048626,1.411351209,1.342557037,1.248588423,0.854669467,0.83277327,1.400569105,0.858828221,0.83259304,1.086213381,1.117449452,1.344797363,1.07786089,0.813923104,0.777376283,1.064655878,0.787617365,0.854669467,0.786117383,0.784327623,0.813923104,0.845909063,1.304937114,0.841077805,1.093543894,1.280529037,1.273111504,1.035212505,1.055595583,0.811269479,0.798450766,1.373048626,0.845909063,0.768498921,0.508752409,0.499068244,1.280529037,1.044573484,0.841077805,0.798450766,1.044573484
TK10,1.18327676,1.044277266,0.920707395,1.252631454,0.982822496,1.18327676,0.920707395,1.05702062,0.982822496,0.949783084,1.237781725,1.511345403,0.974953266,0.914057869,1.44005186,0.982822496,0.545797698,0.922740352,0.989453831,0.854528668,0.954013131,0.77694397,0.532836138,1.330033909,0.974953266,1.273884306,0.897217104,0.942822948,1.327589578,1.511345403,0.982822496,0.897217104,1.047168222,0.942822948,1.252631454,0.920707395,0.982822496,0.989160033,1.327589578,0.974953266,0.940546874,1.18327676,1.252631454,0.989160033,1.283897765,0.942822948,0.545797698,1.44005186,1.244870357,0.942822948,1.05702062,0.871290334,0.932065358,1.012867375,1.220501067,0.545797698,0.545797698,1.252631454,0.949783084,1.203509837,1.249449212,0.920707395,0.892419631,0.932065358,0.989160033,0.738122489,0.545797698,0.797951893,0.82517571,0.855548168,1.44005186,0.854528668,0.922740352,0.9913645,0.914057869,1.244870357,0.932065358,0.942822948,0.954013131,0.922740352,1.073646818,0.893949293,0.920707395,0.914057869,0.920707395,0.982822496,1.044277266,1.012867375,1.18327676,0.769489298,1.203509837,1.073646818,0.954013131,0.545797698,0.982822496,0.920707395,0.974953266,0.920707395,0.769489298,0.974953266
U031,1.282937993,0.939868834,1.228340157,0.966082808,1.148552687,1.282937993,1.228340157,0.972038825,1.148552687,0.972302095,0.957038357,0.966082808,1.314112567,0.956961262,1.289129228,1.148552687,0.504556909,1.274689667,1.007172742,1.233078206,0.96808892,0.966082808,1.228340157,0.967485363,1.265563671,0.949905591,0.957038357,0.96808892,0.967485363,0.966082808,1.147076158,0.957038357,0.939868834,0.96808892,0.966082808,1.228340157,1.15425534,0.965920279,0.967485363,1.265563671,0.981893074,1.289129228,0.966082808,0.965920279,0.950686234,0.96808892,0.515956945,1.289129228,0.966082808,0.96808892,0.972038825,0.949905591,0.979740775,1.274689667,1.203855562,0.515956945,0.515956945,0.966082808,0.972302095,1.128203336,0.949905591,1.228340157,0.950686234,0.979740775,0.965920279,1.228340157,0.515956945,0.852686886,0.547984154,0.949905591,1.289129228,0.970744772,1.274689667,1.007172742,0.956961262,0.966082808,0.979740775,0.96808892,0.96808892,1.274689667,0.969884535,0.957038357,1.228340157,1.082692461,1.228340157,1.147076158,0.939868834,1.274689667,1.282937993,0.931275615,1.128203336,0.969884535,0.96808892,0.515956945,1.148552687,1.228340157,1.265563671,1.228340157,0.931275615,1.265563671
U251,1.284672271,1.201567945,1.072427456,1.055848309,0.783971213,1.284672271,0.95563582,1.041397409,0.783971213,0.998309492,0.783532786,1.056220985,1.226206194,1.051066477,1.284672271,0.783971213,0.769468216,0.983139687,1.203082155,1.011287816,1.021341045,1.027117155,0.962024841,1.020930155,0.774280809,1.068962315,0.783532786,1.021341045,1.020930155,1.056220985,0.783971213,0.783532786,1.201567945,1.021341045,1.055848309,1.072427456,0.783971213,0.792245571,1.020930155,0.774280809,0.527755444,1.284672271,1.055848309,0.792245571,1.205340468,1.025654621,0.769468216,1.284672271,1.027117155,1.021341045,1.041397409,1.058745903,0.807931289,1.033209133,0.955667305,0.769468216,0.769468216,1.055848309,0.990668873,1.044224211,1.055299838,0.95563582,1.206616848,0.807931289,0.792245571,0.962024841,0.769468216,0.834870176,1.201567945,1.055299838,1.284672271,0.824005469,0.961887122,1.203082155,1.038033997,1.027117155,0.807931289,1.025654621,1.021341045,0.961887122,1.034581783,0.783532786,0.804744862,1.07673507,0.95563582,0.783971213,1.201567945,1.004394673,1.284672271,1.086903878,1.044224211,1.034581783,1.021341045,0.769468216,0.783971213,0.95563582,0.774280809,0.804744862,1.086903878,0.774280809
UACC-257,1.129275681,1.100536469,0.780065431,1.135788153,1.036443988,1.129275681,1.099449234,1.153246192,0.944114679,0.706626162,0.905712849,1.195904767,0.912216221,1.233723004,1.173884841,1.026004216,0.785587775,0.767483106,1.085741049,1.063873203,1.084785171,1.136259023,1.397433403,0.701176906,0.880575646,1.003192525,0.904534302,1.084785171,0.81088803,1.195904767,0.690077141,0.963371616,1.306246497,1.084785171,1.128863161,0.780065431,0.690077141,1.291909623,0.672096998,0.937545732,0.944775669,1.177900278,1.128863161,1.299071804,1.096832785,1.083242578,0.737904252,1.073804816,1.136259023,1.084785171,1.14706848,0.952684288,0.711522841,0.994618574,1.315923552,0.737904252,0.721008549,1.135788153,0.706626162,1.168101982,0.973367943,0.776993523,1.075354653,0.711522841,1.291909623,1.473572174,0.721008549,0.706978627,1.167605886,0.973367943,1.173884841,1.063873203,0.717463157,1.085741049,1.233723004,1.136259023,0.711522841,1.083242578,1.084785171,0.717463157,1.170228308,0.904534302,0.780065431,1.233723004,1.099449234,0.974983232,1.100536469,0.960203984,1.129275681,0.795894708,1.168101982,1.170228308,1.054083203,0.737904252,1.013205893,1.099449234,0.880575646,0.758208683,0.795894708,0.880575646
UACC-62,1.236087361,0.910295345,0.89228817,1.079958918,1.062378332,1.236087361,0.89228817,1.064165878,1.062378332,0.658168489,1.631323141,1.075176537,0.906078427,0.952767423,1.270983998,1.062378332,0.974653149,0.840843689,1.06169941,0.862774887,1.04234887,1.057393577,0.89228817,0.88093661,0.88360559,1.02626074,1.046347353,1.04234887,0.88093661,1.075176537,1.062378332,1.046347353,0.910295345,1.04234887,1.079958918,0.89228817,1.062378332,0.691625443,0.88093661,1.102827444,0.667870981,1.270983998,1.079958918,0.691625443,1.06169941,1.04234887,0.974653149,1.217786807,1.057393577,1.04234887,1.064165878,0.885037645,0.664435772,1.432109085,1.192047754,0.974653149,0.974653149,1.079958918,0.658168489,1.03052066,1.02626074,0.89228817,1.06169941,0.664435772,0.691625443,0.89228817,0.974653149,0.968563643,0.910295345,1.02626074,1.217786807,0.879317679,0.840843689,1.06169941,0.952767423,1.057393577,0.664435772,1.04234887,1.04234887,0.840843689,1.064165878,1.046347353,0.89228817,1.014598117,0.89228817,1.062378332,0.910295345,1.162342075,1.270983998,0.867002173,1.03052066,1.064165878,1.04234887,0.974653149,1.062378332,0.89228817,0.88360559,0.89228817,0.867002173,0.88360559
